lspe_id,nama_daerah,date,buyer_name,tender_title,mainprocurementcategory,tender_minvalue,tender_status,award_title,award_date,award_value,award_supplier,days_to_award,budget_utilization_ratio
33,Bali,2021-06-28,Pemerintah Daerah Provinsi Bali,Belanja Pac Spam Penet Tahap Ii,Goods,1529447920.0,Complete,Belanja Pac Spam Penet Tahap Ii,2021-06-28,1491336000.0,Pt. Glagah Indo Perkasa,52,0.9750812567713976
33,Bali,2021-06-28,Pemerintah Daerah Provinsi Bali,Pengawasan Pembangunan Infrastruktur Pelindungan Kawasan Suci Besakih,Services,4994167200.0,Complete,Pengawasan Pembangunan Infrastruktur Pelindungan Kawasan Suci Besakih,2021-06-28,4655370500.0,Pt. Yodya Karya (Persero) Cabang Surabaya,52,0.9321615223455074
33,Bali,2021-06-28,Pemerintah Daerah Provinsi Bali,Pembangunan Pengadilan Tinggi Denpasar,Works,6249713196.09,Complete,Pembangunan Pengadilan Tinggi Denpasar,2021-06-28,4781039107.42,Pt.Adi Murti,41,0.7650013620482865
33,Bali,2021-06-29,Pemerintah Daerah Provinsi Bali,"Pembangunan Bale Banjar Desa Pakraman Sidembunut, Kel. Cempaga,Kec. Bangli, Kab. Bangli",Works,1746925640.34,Complete,"Pembangunan Bale Banjar Desa Pakraman Sidembunut, Kel. Cempaga,Kec. Bangli, Kab. Bangli",2021-06-29,1151504633.74,Cv. Langkah Wong Mas,49,0.6591606460798671
33,Bali,2021-06-29,Pemerintah Daerah Provinsi Bali,Pembangunan Spam Burana Titab,Works,11874996962.07,Complete,Pembangunan Spam Burana Titab,2021-06-29,8126567817.19,Pt. Nuryta Sari Pratama,50,0.6843427280989729
33,Bali,2021-06-29,Pemerintah Daerah Provinsi Bali,Belanja Penambah Daya Tahan Tubuh,Goods,2077150446.0,Complete,Belanja Penambah Daya Tahan Tubuh,2021-06-29,1598804460.0,Cv. Lestarindo,27,0.769710476715272
33,Bali,2021-06-30,Pemerintah Daerah Provinsi Bali,Pembangunan Infrastruktur Pelindungan Kawasan Suci Besakih,Works,223840342214.3,Complete,Pembangunan Infrastruktur Pelindungan Kawasan Suci Besakih,2021-06-30,201559000000.0,Pt. Waskita Karya (Persero) Tbk,50,0.900458773454839
33,Bali,2021-06-30,Pemerintah Daerah Provinsi Bali,Perencanaan Leger Jalan Pada Ruas Jalan Provinsi,Services,503538750.0,Complete,Perencanaan Leger Jalan Pada Ruas Jalan Provinsi,2021-06-30,372237800.0,Cv. Gumi Artha Karya,44,0.739243603396958
33,Bali,2021-06-30,Pemerintah Daerah Provinsi Bali,Biaya Pengawasan Smkn 6 Denpasar,Services,249159570.0,Complete,Biaya Pengawasan Smkn 6 Denpasar,2021-06-30,242656700.0,Cv. Manar Jaya,44,0.9739007817359776
33,Bali,2021-07-01,Pemerintah Daerah Provinsi Bali,Pengembangan Masterplan Dan Basic Design Pembangunan Kawasan Pusat Kebudayaan Bali Di Kabupaten Klungkung,Services,9899633480.0,Complete,Pengembangan Masterplan Dan Basic Design Pembangunan Kawasan Pusat Kebudayaan Bali Di Kabupaten Klungkung,2021-07-01,9236375500.0,Pt. Virama Karya,55,0.9330017640208637
33,Bali,2021-07-01,Pemerintah Daerah Provinsi Bali,Rehabilitasi Jaringan Irigasi D.I. Tiyingtali Di Kabupaten Buleleng (Dak),Works,10654527841.64,Complete,Rehabilitasi Jaringan Irigasi D.I. Tiyingtali Di Kabupaten Buleleng (Dak),2021-07-01,6478736794.55,Pt. Gunung Makmur,64,0.6080735712407468
33,Bali,2021-07-01,Pemerintah Daerah Provinsi Bali,Belanja Pemeliharaan Gedung Dan Bangunan,Works,2664787198.98,Complete,Belanja Pemeliharaan Gedung Dan Bangunan,2021-07-01,1674116802.54,Pt. Arya Dharma Jaya,38,0.6282365823360309
33,Bali,2021-07-01,Pemerintah Daerah Provinsi Bali,Belanja Persediaan Untuk Dijual/Diserahkan-Persediaan Untuk Dijual/Diserahkankepada Masyarakat,Goods,329120000.0,Complete,Belanja Persediaan Untuk Dijual/Diserahkan-Persediaan Untuk Dijual/Diserahkankepada Masyarakat,2021-07-01,236346000.0,Mitra Nusantara,27,0.7181149732620321
33,Bali,2021-07-02,Pemerintah Daerah Provinsi Bali,Belanja Jasa Konsultansi Pengawasan Pembangunan Unit Sekolah Baru Sman 10 Denpasar,Services,199790470.0,Complete,Belanja Jasa Konsultansi Pengawasan Pembangunan Unit Sekolah Baru Sman 10 Denpasar,2021-07-02,197040470.0,Pt. Kencana Adhi Karma,45,0.986235579705078
33,Bali,2021-07-02,Pemerintah Daerah Provinsi Bali,Belanja Modal Alat Laboratorium Bahan Bangunan Konstruksi,Goods,965580000.0,Complete,Belanja Modal Alat Laboratorium Bahan Bangunan Konstruksi,2021-07-02,935759000.0,Pt Asia Carbon Indonesia,29,0.9691159717475508
33,Bali,2021-07-05,Pemerintah Daerah Provinsi Bali,Belanja Jasa Konsultansi Pengawasan Pembangunan Unit Sekolah Baru Sman 3 Negara,Services,249259340.0,Complete,Belanja Jasa Konsultansi Pengawasan Pembangunan Unit Sekolah Baru Sman 3 Negara,2021-07-05,241241000.0,Cv. Ganesha Teknika,46,0.9678313358287798
33,Bali,2021-07-06,Pemerintah Daerah Provinsi Bali,Pembangunan Ruang Praktik Siswa (Dak) Smkn 3 Denpasar,Works,1911155023.02,Complete,Pembangunan Ruang Praktik Siswa (Dak) Smkn 3 Denpasar,2021-07-06,1528843885.66,Cv.Inersia,15,0.7999580710329436
33,Bali,2021-07-06,Pemerintah Daerah Provinsi Bali,Pembangunan Ruang Praktik Siswa (Dak) Smkn 4 Bangli,Works,1766250275.49,Complete,Pembangunan Ruang Praktik Siswa (Dak) Smkn 4 Bangli,2021-07-06,1296900000.0,Cv. Nandini,15,0.7342674013965597
33,Bali,2021-07-06,Pemerintah Daerah Provinsi Bali,Pengadaan Bibit Tanaman,Goods,242000000.0,Complete,Pengadaan Bibit Tanaman,2021-07-06,228800000.0,Ud. Hidup Tunas Mekar,13,0.9454545454545454
33,Bali,2021-07-06,Pemerintah Daerah Provinsi Bali,"Pembangunan Ruang Uks Beserta Perabotnya Slbn 1 Gianyar (Dak),Pembangunan Ruang Keterampilan Beserta Perabotnya Slbn 1 Gianyar (Dak)",Works,499335652.26,Complete,"Pembangunan Ruang Uks Beserta Perabotnya Slbn 1 Gianyar (Dak),Pembangunan Ruang Keterampilan Beserta Perabotnya Slbn 1 Gianyar (Dak)",2021-07-06,403150000.0,Cv. Pramana Putra Karya,15,0.8073727525269577
33,Bali,2021-07-06,Pemerintah Daerah Provinsi Bali,Pembangunan Ruang Praktik Siswa (Dak) Smks Teknologi Wira Bhakti Denpasar,Works,1909252042.97,Complete,Pembangunan Ruang Praktik Siswa (Dak) Smks Teknologi Wira Bhakti Denpasar,2021-07-06,1260090327.72,Pt. Megah Tama Perkasa,15,0.6599916089443199
33,Bali,2021-07-07,Pemerintah Daerah Provinsi Bali,Penataan Pura Luhur Sad Kahyangan Andakasa,Works,2999994762.98,Complete,Penataan Pura Luhur Sad Kahyangan Andakasa,2021-07-07,2390859686.51,Pt. Putera Ningrat,48,0.7969546200590949
33,Bali,2021-07-07,Pemerintah Daerah Provinsi Bali,Belanja Modal Bangunan Gedung Untuk Pos Jaga,Works,579998670.99,Complete,Belanja Modal Bangunan Gedung Untuk Pos Jaga,2021-07-07,423030955.15,Cv.Nusa Tirta,16,0.7293653870411948
33,Bali,2021-07-07,Pemerintah Daerah Provinsi Bali,Pembangunan Ruang Praktik Siswa (Dak) Smkn 2 Tegalalang,Works,1938090193.83,Complete,Pembangunan Ruang Praktik Siswa (Dak) Smkn 2 Tegalalang,2021-07-07,1336526467.62,Cv. Widhi Agung,16,0.689610045948787
33,Bali,2021-07-07,Pemerintah Daerah Provinsi Bali,Pembangunan Ruang Praktik Siswa (Dak) Smks Bali Dewata Denpasar,Works,1917041567.73,Complete,Pembangunan Ruang Praktik Siswa (Dak) Smks Bali Dewata Denpasar,2021-07-07,1408351413.96,Cv. Wahyu Prima,16,0.734648344442344
33,Bali,2021-07-07,Pemerintah Daerah Provinsi Bali,Belanja Modal Personal Computer (Laptop Dan P. C Unit),Goods,284628100.0,Complete,Belanja Modal Personal Computer (Laptop Dan P. C Unit),2021-07-07,273450000.0,Pt Dinamika Abi Berkah,16,0.960727349126808
33,Bali,2021-07-07,Pemerintah Daerah Provinsi Bali,Belanja Rehabilitasi Ruang Guru Sman 2 Singaraja (Dak),Works,346591342.98,Complete,Belanja Rehabilitasi Ruang Guru Sman 2 Singaraja (Dak),2021-07-07,277434000.0,Cv. Kori,15,0.8004643093927746
33,Bali,2021-07-07,Pemerintah Daerah Provinsi Bali,Belanja Rehabilitasi Ruang Kelas (Dak) Sman 1 Gerokgak,Works,494242383.63,Complete,Belanja Rehabilitasi Ruang Kelas (Dak) Sman 1 Gerokgak,2021-07-07,391050214.88,Cv. Sekar Alit Wiraguna,15,0.7912114133310514
33,Bali,2021-07-07,Pemerintah Daerah Provinsi Bali,Rehabilitasi Ruang Kelas Beserta Perabotnya Slbn Kemala Bhayangkari,Works,532137409.52,Complete,Rehabilitasi Ruang Kelas Beserta Perabotnya Slbn Kemala Bhayangkari,2021-07-07,389299519.92,Cv. Sarana Multy Kreasi,15,0.731577056894303
33,Bali,2021-07-07,Pemerintah Daerah Provinsi Bali,"Belanja Rehabilitasi Ruang Laboratorium Biologi (Dak) Sman 3 Amlapura,Belanja Rehabilitasi Ruang Kelas (Dak) Sman 3 Amlapura,Pembangunan Ruang Laboratorium Komputer Sman 3 Amlapura (Dak)",Works,1158142311.0,Complete,"Belanja Rehabilitasi Ruang Laboratorium Biologi (Dak) Sman 3 Amlapura,Belanja Rehabilitasi Ruang Kelas (Dak) Sman 3 Amlapura,Pembangunan Ruang Laboratorium Komputer Sman 3 Amlapura (Dak)",2021-07-07,954350000.0,Pt. Glebeg Bali Utama,15,0.8240351733423544
33,Bali,2021-07-07,Pemerintah Daerah Provinsi Bali,Belanja Modal Pembangunan Ruang Laboratorium Kimia (Dak) Sman 1 Mendoyo Dan Pembangunan Toilet (Jamban) Beserta Sanitasinya (Dak) Sman 1 Mendoyo,Works,1122608000.0,Complete,Belanja Modal Pembangunan Ruang Laboratorium Kimia (Dak) Sman 1 Mendoyo Dan Pembangunan Toilet (Jamban) Beserta Sanitasinya (Dak) Sman 1 Mendoyo,2021-07-07,832000000.0,Cv. Putra Artha Sejati,15,0.741131365534541
33,Bali,2021-07-07,Pemerintah Daerah Provinsi Bali,Belanja Rehabilitasi Ruang Laboratorium Biologi (Dak) Sman 1 Tejakula,Works,270148670.76,Complete,Belanja Rehabilitasi Ruang Laboratorium Biologi (Dak) Sman 1 Tejakula,2021-07-07,206184302.62,Cv. Sekar Alit Wiraguna,15,0.7632253086419
33,Bali,2021-07-08,Pemerintah Daerah Provinsi Bali,Pembuatan Bak Penampungan Air Di Kebun Benih Timpag Dan Pembuatan Saluran Irigasi Di Kebun Benih Timpag,Works,396485971.08,Complete,Pembuatan Bak Penampungan Air Di Kebun Benih Timpag Dan Pembuatan Saluran Irigasi Di Kebun Benih Timpag,2021-07-08,283406000.0,Cv. Kori,17,0.7147945215514736
33,Bali,2021-07-09,Pemerintah Daerah Provinsi Bali,Penataan Pura Pusat Kawitan Pangerantangkas Kori Agung Desatangkas,Works,1596402020.7,Complete,Penataan Pura Pusat Kawitan Pangerantangkas Kori Agung Desatangkas,2021-07-09,890078503.94,Cv.Ratu Gede,53,0.5575528547312368
33,Bali,2021-07-09,Pemerintah Daerah Provinsi Bali,Pembangunan Ruang Praktik Siswa (Dak) Smkn 1 Sukasada,Works,1659147760.73,Complete,Pembangunan Ruang Praktik Siswa (Dak) Smkn 1 Sukasada,2021-07-09,1221951481.26,Cv Perama Dewata,17,0.7364934638023799
33,Bali,2021-07-09,Pemerintah Daerah Provinsi Bali,"Belanja Hibah Barang Kepada Pemerintah Pusat,Belanja Modal Kendaraan Dinas Bermotor Perorangan",Goods,1931500000.0,Complete,"Belanja Hibah Barang Kepada Pemerintah Pusat,Belanja Modal Kendaraan Dinas Bermotor Perorangan",2021-07-09,1926500000.0,Pt. Agung Automall Denpasar,11,0.9974113383380792
33,Bali,2021-07-12,Pemerintah Daerah Provinsi Bali,Perlindungan Taman Pujaan Bangsa Margarana Kab. Tabanan,Works,999992182.42,Complete,Perlindungan Taman Pujaan Bangsa Margarana Kab. Tabanan,2021-07-12,627385019.45,Cv. Rekayasa Utama,68,0.6273899241209231
33,Bali,2021-07-12,Pemerintah Daerah Provinsi Bali,Belanja Jasa Konsultansi Pengawasan Pembangunan Unit Sekolah Baru Sman 9 Denpasar,Services,199790470.0,Complete,Belanja Jasa Konsultansi Pengawasan Pembangunan Unit Sekolah Baru Sman 9 Denpasar,2021-07-12,195195000.0,Pt Mitra Tri Sakti,49,0.9769985525335618
33,Bali,2021-07-12,Pemerintah Daerah Provinsi Bali,Belanja Jasa Konsultansi Pengawasan Pembangunan Unit Sekolah Baru Sman 2 Kuta Utara,Services,249259340.0,Complete,Belanja Jasa Konsultansi Pengawasan Pembangunan Unit Sekolah Baru Sman 2 Kuta Utara,2021-07-12,244463450.0,Cv. Jaya Desain,49,0.9807594371388452
33,Bali,2021-07-12,Pemerintah Daerah Provinsi Bali,Biaya Pengawasan Smkn 2 Kubu,Services,180982890.0,Complete,Biaya Pengawasan Smkn 2 Kubu,2021-07-12,175732370.0,Cv. Uditi Plan,49,0.9709888597756396
33,Bali,2021-07-13,Pemerintah Daerah Provinsi Bali,Belanja Jasa Konsultansi Pengawasan Pembangunan Unit Sekolah Baru Sman 1 Abang,Services,199411410.0,Complete,Belanja Jasa Konsultansi Pengawasan Pembangunan Unit Sekolah Baru Sman 1 Abang,2021-07-13,195558000.0,Pt. Dana Sularsa Cipta,50,0.9806760806716124
33,Bali,2021-07-13,Pemerintah Daerah Provinsi Bali,Belanja Jasa Konsultansi Pengawasan Pembangunan Unit Sekolah Baru Sman 11 Denpasar,Services,249159570.0,Complete,Belanja Jasa Konsultansi Pengawasan Pembangunan Unit Sekolah Baru Sman 11 Denpasar,2021-07-13,246409570.0,Pt. Kencana Adhi Karma,50,0.9889628963479108
33,Bali,2021-07-14,Pemerintah Daerah Provinsi Bali,Belanja Rehabilitasi Toilet (Jamban) (Dak) Sman 1 Singaraja,Works,382683977.99,Complete,Belanja Rehabilitasi Toilet (Jamban) (Dak) Sman 1 Singaraja,2021-07-14,296691203.16,Cv. Sekar Alit Wiraguna,14,0.7752903707083156
33,Bali,2021-07-15,Pemerintah Daerah Provinsi Bali,Belanja Modal Alat Rumah Tangga Lainnya (Home Use),Goods,401500000.0,Complete,Belanja Modal Alat Rumah Tangga Lainnya (Home Use),2021-07-15,294250000.0,Cv.Duta Merdeka,29,0.7328767123287672
33,Bali,2021-07-19,Pemerintah Daerah Provinsi Bali,Belanja Pemeliharaan Trotoar Pada Ruas Jalan Provinsi Tersebar Di 9 Kab/Kota,Works,1500000000.0,Complete,Belanja Pemeliharaan Trotoar Pada Ruas Jalan Provinsi Tersebar Di 9 Kab/Kota,2021-07-19,928069726.04,Pt. Bali Mandala Giri,26,0.6187131506933333
33,Bali,2021-07-19,Pemerintah Daerah Provinsi Bali,Belanja Rehabilitasi Ruang Kelas (Dak) Sman 2 Gerokgak Dan Belanja Rehabilitasi Ruang Guru (Dak) Sman 2 Gerokgak,Works,1655617614.0,Complete,Belanja Rehabilitasi Ruang Kelas (Dak) Sman 2 Gerokgak Dan Belanja Rehabilitasi Ruang Guru (Dak) Sman 2 Gerokgak,2021-07-19,1150000048.09,Cv. Putra Artha Sejati,19,0.6946048642908433
33,Bali,2021-07-21,Pemerintah Daerah Provinsi Bali,Pembangunan Dan Penataan Pura Kehen Bangli,Works,1999651588.47,Complete,Pembangunan Dan Penataan Pura Kehen Bangli,2021-07-21,1267788198.81,Cv. Sari Nusa Raharja,51,0.634004546652063
33,Bali,2021-07-21,Pemerintah Daerah Provinsi Bali,Belanja Modal Bangunan Gedung Kantor,Works,289972000.0,Complete,Belanja Modal Bangunan Gedung Kantor,2021-07-21,194826870.34,Cv. Sekar Alit Wiraguna,26,0.6718816656090933
33,Bali,2021-07-21,Pemerintah Daerah Provinsi Bali,Belanja Bahan Reagen,Goods,1899321690.0,Complete,Belanja Bahan Reagen,2021-07-21,1588109050.0,Pt. Cita Swara Sejahtera,22,0.8361453767213073
33,Bali,2021-07-22,Pemerintah Daerah Provinsi Bali,Pembangunan Ruang Kelas Baru Smkn 1 Bebandem,Works,2099820941.39,Complete,Pembangunan Ruang Kelas Baru Smkn 1 Bebandem,2021-07-22,1492003337.11,Kresna Dwipa Cv,30,0.7105383643437481
33,Bali,2021-07-22,Pemerintah Daerah Provinsi Bali,Perbaikan Gelung Kori Pura Agung Besakih Kab. Karangasem,Works,4794633172.57,Complete,Perbaikan Gelung Kori Pura Agung Besakih Kab. Karangasem,2021-07-22,3787785000.0,Cv. Pasang Indah,21,0.7900051711296376
33,Bali,2021-07-23,Pemerintah Daerah Provinsi Bali,"Pembangunan/Pemugaranbeji Dan Pura Payoganagung Segara Rupek, Kec.Gerogak, Kab. Buleleng",Works,7499872873.15,Complete,"Pembangunan/Pemugaranbeji Dan Pura Payoganagung Segara Rupek, Kec.Gerogak, Kab. Buleleng",2021-07-23,5999898695.2,Cv. Pande Nusa,31,0.8000000528915632
33,Bali,2021-07-26,Pemerintah Daerah Provinsi Bali,Pembangunan Unit Sekolah Baru Smkn 6 Denpasar,Works,12187146479.92,Complete,Pembangunan Unit Sekolah Baru Smkn 6 Denpasar,2021-07-26,8649502700.5,Pt. Karya Nirmala Utama,35,0.7097233724687929
33,Bali,2021-07-26,Pemerintah Daerah Provinsi Bali,Pembangunan Ruang Kelas Baru Slbn 1 Denpasar,Works,1286136290.92,Complete,Pembangunan Ruang Kelas Baru Slbn 1 Denpasar,2021-07-26,867906403.02,Cv. Tenaga Inti,32,0.6748168208512089
33,Bali,2021-07-28,Pemerintah Daerah Provinsi Bali,Belanja Alat/Bahan Penunjang,Goods,336944850.0,Complete,Belanja Alat/Bahan Penunjang,2021-07-28,248696800.0,Pt. Cita Swara Sejahtera,23,0.7380934891867319
33,Bali,2021-07-28,Pemerintah Daerah Provinsi Bali,Belanja Reagen,Goods,559593300.0,Complete,Belanja Reagen,2021-07-28,385004400.0,Cv. Perdana,23,0.6880075226061498
33,Bali,2021-07-29,Pemerintah Daerah Provinsi Bali,Pembangunan Ruang Kelas Baru Slbn 1 Gianyar,Works,1557400824.57,Complete,Pembangunan Ruang Kelas Baru Slbn 1 Gianyar,2021-07-29,1045223573.81,Cv. Kembar Jaya Abadi,27,0.6711333121957138
33,Bali,2021-07-30,Pemerintah Daerah Provinsi Bali,Belanja Modal Bangunan Gedung Kantor Sman 1 Abang,Works,9831922145.79,Complete,Belanja Modal Bangunan Gedung Kantor Sman 1 Abang,2021-07-30,7299511249.75,Cv. Jaya Kerthi,30,0.7424297244741334
33,Bali,2021-07-31,Pemerintah Daerah Provinsi Bali,Belanja Bahan Kimia,Goods,241575550.0,Complete,Belanja Bahan Kimia,2021-07-31,185033200.0,Pt. Cita Swara Sejahtera,18,0.7659434077662247
33,Bali,2021-08-02,Pemerintah Daerah Provinsi Bali,Belanja Modal Bangunan Gedung Kantor Sman 2 Kuta Utara,Works,12236475061.08,Complete,Belanja Modal Bangunan Gedung Kantor Sman 2 Kuta Utara,2021-08-02,8768875529.49,Cv. Jaya Kerthi,33,0.7166177747855478
33,Bali,2021-08-02,Pemerintah Daerah Provinsi Bali,Pembangunan Unit Sekolah Baru Smkn 2 Kubu (Lanjutan),Works,8863588285.31,Complete,Pembangunan Unit Sekolah Baru Smkn 2 Kubu (Lanjutan),2021-08-02,6159081213.98,Cv.Wirabhuana,31,0.6948744702174069
33,Bali,2021-08-04,Pemerintah Daerah Provinsi Bali,Belanja Pemeliharaan Gedung Berupa Konstruksi Penanganan Banjir,Works,2297859113.65,Complete,Belanja Pemeliharaan Gedung Berupa Konstruksi Penanganan Banjir,2021-08-04,1686156579.08,Cv. Wayan Elektrik,26,0.7337945869107918
33,Bali,2021-08-04,Pemerintah Daerah Provinsi Bali,Belanja Aspal Panas Untuk Pemeliharaan Rutin Jalan Dan Jembatan,Works,940000000.0,Complete,Belanja Aspal Panas Untuk Pemeliharaan Rutin Jalan Dan Jembatan,2021-08-04,820327667.84,Cv. Adi Kara,22,0.8726890083404256
33,Bali,2021-08-05,Pemerintah Daerah Provinsi Bali,Jasa Konsultansi Pengawasan Pembangunan Ruang Kelas Baru Sman 7 Denpasar,Services,149800640.0,Complete,Jasa Konsultansi Pengawasan Pembangunan Ruang Kelas Baru Sman 7 Denpasar,2021-08-05,147174500.0,Cv. Jaya Desain,35,0.9824691002655264
33,Bali,2021-08-05,Pemerintah Daerah Provinsi Bali,Belanja Jasa Konsultansi Pengawasan Pembangunan Ruang Kelas Baru Sman 6 Denpasar,Services,149800640.0,Complete,Belanja Jasa Konsultansi Pengawasan Pembangunan Ruang Kelas Baru Sman 6 Denpasar,2021-08-05,148957270.0,Cv. Tataring Bali,35,0.9943700507554574
33,Bali,2021-08-05,Pemerintah Daerah Provinsi Bali,Belanja Jasa Konsultansi Pengawasan Pembangunan Ruang Kelas Baru Sman 4 Denpasar,Services,149800640.0,Complete,Belanja Jasa Konsultansi Pengawasan Pembangunan Ruang Kelas Baru Sman 4 Denpasar,2021-08-05,148258000.0,Cv. Uditi Plan,35,0.9897020466668232
33,Bali,2021-08-05,Pemerintah Daerah Provinsi Bali,Belanja Modal Bangunan Gedung Kantor Sman 11 Denpasar,Works,12236467738.14,Complete,Belanja Modal Bangunan Gedung Kantor Sman 11 Denpasar,2021-08-05,8307045412.63,Cv. Jaya Kerthi,36,0.6788760931994833
33,Bali,2021-08-05,Pemerintah Daerah Provinsi Bali,Belanja Modal Bangunan Gedung Kantor Sman 10 Denpasar,Works,9839480696.94,Complete,Belanja Modal Bangunan Gedung Kantor Sman 10 Denpasar,2021-08-05,7087035916.97,Pt. Karya Nirmala Utama,36,0.7202652391171428
33,Bali,2021-08-06,Pemerintah Daerah Provinsi Bali,Pengawasan Perbaikan Gelung Kori Pura Agung Besakih Kab. Karangasem,Services,298211540.0,Complete,Pengawasan Perbaikan Gelung Kori Pura Agung Besakih Kab. Karangasem,2021-08-06,296296000.0,Cv. Ganesha Teknika,35,0.9935765731936465
33,Bali,2021-08-06,Pemerintah Daerah Provinsi Bali,Pembangunan Unit Tembok Penyengker Smkn 1 Busungbiu,Works,719804885.27,Complete,Pembangunan Unit Tembok Penyengker Smkn 1 Busungbiu,2021-08-06,480409570.37,Cv. Chitra Karya Utama,25,0.6674163793564662
33,Bali,2021-08-16,Pemerintah Daerah Provinsi Bali,Belanja Modal Bangunan Gedung Kantor Sman 3 Negara,Works,12228873103.48,Complete,Belanja Modal Bangunan Gedung Kantor Sman 3 Negara,2021-08-16,8499984482.47,Cv Sinar Surya Abadi,48,0.6950750417101915
33,Bali,2021-08-16,Pemerintah Daerah Provinsi Bali,Pembangunan Unit Tembok Penyengker Smkn 1 Nusa Penida,Works,787478115.34,Complete,Pembangunan Unit Tembok Penyengker Smkn 1 Nusa Penida,2021-08-16,590288122.3,Cv.Bama Danewi,28,0.749593050017826
33,Bali,2021-08-17,Pemerintah Daerah Provinsi Bali,Survey Investigasi Dan Topografi Rencana Jembatan Nusa Lembongan-Nusa Ceningan,Services,499715920.0,Complete,Survey Investigasi Dan Topografi Rencana Jembatan Nusa Lembongan-Nusa Ceningan,2021-08-17,454190000.0,Pt. Kencana Adhi Karma,42,0.908896398577816
33,Bali,2021-08-17,Pemerintah Daerah Kabupaten Bangli;Pemerintah Daerah Kabupaten Buleleng;Pemerintah Daerah Kabupaten Jembrana;Pemerintah,Belanja Sewa Komputer Jaringan,Services,2258698000.0,Complete,Belanja Sewa Komputer Jaringan,2021-08-17,2108463500.0,Cv. N & B Net Access,11,0.93348623853211
33,Bali,2021-08-19,Pemerintah Daerah Provinsi Bali,Belanja Modal Bangunan Gedung Kantor Sman 4 Denpasar,Works,3840224981.13,Complete,Belanja Modal Bangunan Gedung Kantor Sman 4 Denpasar,2021-08-19,3134136712.2,Cv. Nadi Guna Karya,15,0.8161336191500345
33,Bali,2021-08-20,Pemerintah Daerah Provinsi Bali,Belanja Modal Bangunan Gedung Kantor Sman 9 Denpasar,Works,9839427782.49,Complete,Belanja Modal Bangunan Gedung Kantor Sman 9 Denpasar,2021-08-20,7323728787.68,Pt. Jaya Graha Utama,52,0.7443246649681321
33,Bali,2021-08-20,Pemerintah Daerah Provinsi Bali,"Pengawasan Penataan Pura Sungsungan Jagat Segara Banjar Munduk, Desa Pengambengan Banjar Munduk, Desa Pengambengan Dan Pembangunan Yayasan Pendidikan Islam Al-Maymun Kelurahan Lelateng Kecamatan Negara, Kabupaten Jembrana",Services,173580770.0,Complete,"Pengawasan Penataan Pura Sungsungan Jagat Segara Banjar Munduk, Desa Pengambengan Banjar Munduk, Desa Pengambengan Dan Pembangunan Yayasan Pendidikan Islam Al-Maymun Kelurahan Lelateng Kecamatan Negara, Kabupaten Jembrana",2021-08-20,172548200.0,Cv. Jaya Desain,36,0.9940513571866284
33,Bali,2021-08-20,Pemerintah Daerah Provinsi Bali,Pengadaan Alat Praktek Dan Peraga Siswa (Dak),Goods,5798695000.0,Complete,Pengadaan Alat Praktek Dan Peraga Siswa (Dak),2021-08-20,5564106000.0,Pt. Muma Tora Sejahtera,17,0.9595445182062516
33,Bali,2021-08-21,Pemerintah Daerah Provinsi Bali,Pengadaan Alat Praktek Dan Peraga Siswa (Dak) Smks Bali Dewata Denpasar,Goods,1560922000.0,Complete,Pengadaan Alat Praktek Dan Peraga Siswa (Dak) Smks Bali Dewata Denpasar,2021-08-21,1485575036.0,Pt.Anugrah Zahrah Lestari,18,0.9517291933869854
33,Bali,2021-08-25,Pemerintah Daerah Provinsi Bali,Pembangunan Ruang Keterampilan Slbn 1 Klungkung,Works,1115931965.55,Complete,Pembangunan Ruang Keterampilan Slbn 1 Klungkung,2021-08-25,754545037.01,Pt. Mulya Jaya Kontraktor,26,0.676156844954355
33,Bali,2021-08-26,Pemerintah Daerah Provinsi Bali,Belanja Modal Bangunan Gedung Kantor Sman 1 Tejakula,Works,585460191.18,Complete,Belanja Modal Bangunan Gedung Kantor Sman 1 Tejakula,2021-08-26,426999999.95,Cv Arya Dewata Utama,22,0.7293407927349901
33,Bali,2021-08-26,Pemerintah Daerah Provinsi Bali,Belanja Modal Bangunan Gedung Kantor Sman 6 Denpasar,Works,3840293293.1,Complete,Belanja Modal Bangunan Gedung Kantor Sman 6 Denpasar,2021-08-26,2819134977.96,Cv. Sarana Multy Kreasi,23,0.7340936649357606
33,Bali,2021-08-27,Pemerintah Daerah Provinsi Bali,Belanja Modal Bangunan Gedung Kantor Sman Satap Nusa Penida,Works,1884004816.07,Complete,Belanja Modal Bangunan Gedung Kantor Sman Satap Nusa Penida,2021-08-27,1404748844.54,Cv.Nusa Tirta,25,0.7456184997819064
33,Bali,2021-09-03,Pemerintah Daerah Provinsi Bali,Belanja Pemeliharaan Jembatan Pada Ruas Jalan Provinsi Tersebar Di 9 Kab/Kota,Works,1500000000.0,Complete,Belanja Pemeliharaan Jembatan Pada Ruas Jalan Provinsi Tersebar Di 9 Kab/Kota,2021-09-03,1314947343.89,Cv. Adi Gandha,18,0.8766315625933334
33,Bali,2021-09-03,Pemerintah Daerah Provinsi Bali,Pembangunan Tembok Penyengker Sman 1 Kediri,Works,751999970.11,Complete,Pembangunan Tembok Penyengker Sman 1 Kediri,2021-09-03,451329955.96,Cv. Sari Nusa Raharja,29,0.6001728376318698
33,Bali,2021-09-03,Pemerintah Daerah Provinsi Bali,Belanja Modal Bangunan Gedung Kantor Sman 1 Kuta,Works,2864273885.79,Complete,Belanja Modal Bangunan Gedung Kantor Sman 1 Kuta,2021-09-03,1898898898.88,Cv. Griya Mandiri Teknik,30,0.6629599593462976
33,Bali,2021-09-03,Pemerintah Daerah Provinsi Bali,Belanja Modal Bangunan Gedung Kantor Sman 7 Denpasar,Works,3840293293.1,Complete,Belanja Modal Bangunan Gedung Kantor Sman 7 Denpasar,2021-09-03,2799467361.29,Cv Perama Dewata,29,0.7289722809244567
33,Bali,2021-09-07,Pemerintah Daerah Provinsi Bali,Belanja Modal Software,Goods,656231982.0,Complete,Belanja Modal Software,2021-09-07,579781400.0,Cv. Harrisma Computer,48,0.8835006764421914
33,Bali,2021-09-07,Pemerintah Daerah Provinsi Bali,Belanja Modal Bangunan Gedung Kantor Sman 2 Tabanan,Works,4181656176.84,Complete,Belanja Modal Bangunan Gedung Kantor Sman 2 Tabanan,2021-09-07,2860146629.65,Cv. Cakra Wijaya Karya,32,0.6839746044858618
33,Bali,2021-09-07,Pemerintah Daerah Provinsi Bali,"Pembangunan Padmasana Slbn 1 Tabanan,Pembangunan Ruang Serba Guna Slbn 1 Tabanan",Works,1670302665.96,Complete,"Pembangunan Padmasana Slbn 1 Tabanan,Pembangunan Ruang Serba Guna Slbn 1 Tabanan",2021-09-07,1185497472.01,Cv.Bama Danewi,26,0.7097500927046895
33,Bali,2021-09-07,Pemerintah Daerah Provinsi Bali,Pembangunan Ruang Kelas Baru Slbn 1 Karangasem,Works,1223166311.02,Complete,Pembangunan Ruang Kelas Baru Slbn 1 Karangasem,2021-09-07,925458408.73,Cv.Kembar Sari Sedana,26,0.7566088114037894
33,Bali,2021-09-09,Pemerintah Daerah Provinsi Bali,Belanja Modal Alat Laboratorium Biologi,Goods,202361000.0,Complete,Belanja Modal Alat Laboratorium Biologi,2021-09-09,198550000.0,Pt. Ilham Akbar Bersama,30,0.9811673197898804
33,Bali,2021-09-13,Pemerintah Daerah Provinsi Bali,Belanja Modal Bangunan Gedung Kantor Sman 3 Denpasar,Works,1672266424.42,Complete,Belanja Modal Bangunan Gedung Kantor Sman 3 Denpasar,2021-09-13,1293490410.21,Cv. Mahendra Karya Utama,38,0.7734954139611021
33,Bali,2021-09-16,Pemerintah Daerah Provinsi Bali,Mesin Cuci,Goods,685862899.0,Complete,Mesin Cuci,2021-09-16,647997700.0,Duta Indah Abadi,10,0.9447918832536238
33,Bali,2021-09-28,Pemerintah Daerah Provinsi Bali,Rehabilitas Ruang Kelas Slbn 1 Jembrana,Works,413998378.76,Complete,Rehabilitas Ruang Kelas Slbn 1 Jembrana,2021-09-28,280429382.7,Cv.Satya Karya Utama,36,0.6773683112961377
33,Bali,2021-10-11,Pemerintah Daerah Provinsi Bali,"Belanja Bahan Baku Bangunan Dalam Rangka Pembangunan Bahan Bangunan Fasilitas Pemeliharaan Anjing Kintamani Di Desa Baturiti, Kab. Tabanan",Goods,1027651195.26,Complete,"Belanja Bahan Baku Bangunan Dalam Rangka Pembangunan Bahan Bangunan Fasilitas Pemeliharaan Anjing Kintamani Di Desa Baturiti, Kab. Tabanan",2021-10-11,1026705423.59,Pt. Bukit Aurumn Sejahtera,17,0.9990796763781696
33,Bali,2021-10-28,Pemerintah Daerah Provinsi Bali,Pekerjaan Pengadaanbox Utiility Dan Saluran Drainase Di Kawasan Pusat Kebudayaan Bali,Goods,99850506332.5,Complete,Pekerjaan Pengadaanbox Utiility Dan Saluran Drainase Di Kawasan Pusat Kebudayaan Bali,2021-10-28,89679625132.49,Pt Wijaya Karya Komponen Beton,29,0.8981389121238786
33,Bali,2021-10-29,Pemerintah Daerah Provinsi Bali,Pengadaan Pipa Air Bersih Dan Pengadaan Pipa Air Limbah Kawasan Pusat Kebudayaan Bali,Goods,2804710052.03,Complete,Pengadaan Pipa Air Bersih Dan Pengadaan Pipa Air Limbah Kawasan Pusat Kebudayaan Bali,2021-10-29,2480834491.45,Cv Cahaya Diputra,36,0.8845244055279137
33,Bali,2021-11-15,Pemerintah Daerah Provinsi Bali,Pengadaan Mk Pembangunan Kawasan Pusat Kebudayaan Bali Di Kabupaten Klungkung,Services,12136342900.0,Complete,Pengadaan Mk Pembangunan Kawasan Pusat Kebudayaan Bali Di Kabupaten Klungkung,2021-11-15,11282749500.0,Pt. Bina Karya (Persero),68,0.9296663412501306
33,Bali,2021-11-16,Pemerintah Daerah Provinsi Bali,"Pekerjaan Pematangan Lahan, Penyiapan Badan Jalan, Pemasangan Drainase Dan Box Utility Pada Jalan Akses Timur Dan Barat Di Kawasan Pusat Kebudayaan Bali",Works,26744022716.99,Complete,"Pekerjaan Pematangan Lahan, Penyiapan Badan Jalan, Pemasangan Drainase Dan Box Utility Pada Jalan Akses Timur Dan Barat Di Kawasan Pusat Kebudayaan Bali",2021-11-16,18888888000.0,Pt. Artadinata Azzahra Sejahtera,48,0.7062844733526279
33,Bali,2021-11-24,Pemerintah Daerah Provinsi Bali,Belanja Seragam Sman Bali Mandara,Goods,505535900.0,Complete,Belanja Seragam Sman Bali Mandara,2021-11-24,451250000.0,Ud. Mitra Sejati,30,0.892617121751393
33,Bali,2021-11-24,Pemerintah Daerah Provinsi Bali,Belanja Bahan Pakaian Smkn Bali Mandara,Goods,903617200.0,Complete,Belanja Bahan Pakaian Smkn Bali Mandara,2021-11-24,855104800.0,Cv Karya Sari Sedana,27,0.9463131069218248
33,Bali,2021-11-26,Pemerintah Daerah Provinsi Bali,Pekerjaan Proteksi Lereng Untuk Jembatan Jalan Nasional Di Kawasan Pusat Kebudayaan Bali,Works,5619537000.0,Complete,Pekerjaan Proteksi Lereng Untuk Jembatan Jalan Nasional Di Kawasan Pusat Kebudayaan Bali,2021-11-26,4096852848.55,Pt. Bangun Raya Nusatama Inti,58,0.7290374364560639
33,Bali,2021-11-26,Pemerintah Daerah Provinsi Bali,Pekerjaan Grading Zona Investasi Sisi Selatan Kawasan Pusat Kebudayaan Bali,Works,94638558000.0,Complete,Pekerjaan Grading Zona Investasi Sisi Selatan Kawasan Pusat Kebudayaan Bali,2021-11-26,66260986597.59,Pt. Gala Karya,58,0.7001478889565287
33,Bali,2021-12-03,Pemerintah Daerah Provinsi Bali,"Pekerjaan Pematangan Lahan, Pemasangan Jaringan Pipa Air Bersih Danair Limbah Pada Blok Bangunan Zona Inti Di Kawasan Pusat Kebudayaan Bali",Works,99732182099.56,Complete,"Pekerjaan Pematangan Lahan, Pemasangan Jaringan Pipa Air Bersih Danair Limbah Pada Blok Bangunan Zona Inti Di Kawasan Pusat Kebudayaan Bali",2021-12-03,92248148205.58,Pt. Aura Sinar Baru,60,0.9249586869912374
33,Bali,2021-12-06,Pemerintah Daerah Provinsi Bali,"Pekerjaan Pematangan Lahan, Penyiapan Badan Jalan, Pemasangan Drainase Dan Box Utility Pada Jalan Zona Inti Di Kawasan Pusat Kebudayaan Bali",Works,92290062785.0,Complete,"Pekerjaan Pematangan Lahan, Penyiapan Badan Jalan, Pemasangan Drainase Dan Box Utility Pada Jalan Zona Inti Di Kawasan Pusat Kebudayaan Bali",2021-12-06,69035454791.32,Pt. Bangun Mulya Tan Abadi,68,0.7480269566198671
33,Bali,2021-12-06,Pemerintah Daerah Provinsi Bali,Pekerjaan Grading Zona Penunjang Sisi Barat Di Kawasan Pusat Kebudayaan Bali,Works,98559275971.0,Complete,Pekerjaan Grading Zona Penunjang Sisi Barat Di Kawasan Pusat Kebudayaan Bali,2021-12-06,72222222222.0,Pt Duta Mas Indah,68,0.7327795533243426
33,Bali,2021-12-21,Pemerintah Daerah Provinsi Bali,Belanja Jasa Tenaga Kebersihan,Services,4529816065.81,Complete,Belanja Jasa Tenaga Kebersihan,2021-12-21,4314506452.6,Pt Ganendra Wijaya,15,0.9524683541049036
33,Bali,2021-12-23,Pemerintah Daerah Provinsi Bali,Belanja Natura Dan Pakan-Natura Sman Bali Mandara Tahun 2022,Goods,2886014090.0,Complete,Belanja Natura Dan Pakan-Natura Sman Bali Mandara Tahun 2022,2021-12-23,2745077500.0,Cv Karya Sari Sedana,15,0.9511656611489376
33,Bali,2021-12-27,Pemerintah Daerah Provinsi Bali,Belanja Kawat/Faksimili/Internet/Tv Berlangganan (Langganan Usermail@Baliprov.Go.Id),Services,374952600.0,Complete,Belanja Kawat/Faksimili/Internet/Tv Berlangganan (Langganan Usermail@Baliprov.Go.Id),2021-12-27,374935000.0,Techno Media Solusindo,7,0.9999530607335434
33,Bali,2021-12-28,Pemerintah Daerah Provinsi Bali,Belanja Natura Dan Pakan-Natura,Goods,3808533790.0,Complete,Belanja Natura Dan Pakan-Natura,2021-12-28,3610468900.0,Cv. Sari Yoga,20,0.9479944511664684
33,Bali,2021-12-31,Pemerintah Daerah Provinsi Bali,Belanja Jasa Penanganan Limbah Medis Dan B3,Services,1367448500.0,Complete,Belanja Jasa Penanganan Limbah Medis Dan B3,2021-12-31,1079067000.0,Pt Sagraha Satya Sawahita,18,0.7891097909720183
33,Bali,2022-01-03,Pemerintah Daerah Provinsi Bali,Belanja Makanan Dan Minuman Pada Fasilitas Pelayanan Urusan Sosial,Goods,269999800.0,Complete,Belanja Makanan Dan Minuman Pada Fasilitas Pelayanan Urusan Sosial,2022-01-03,220000000.0,Ud.Sejati,21,0.8148154183817914
33,Bali,2022-01-05,Pemerintah Daerah Provinsi Bali,Belanja Pemeliharaan Alat-Alat Komunikasi,Services,1019964000.0,Complete,Belanja Pemeliharaan Alat-Alat Komunikasi,2022-01-05,1019964000.0,Pt. Mahaga Pratama,9,1.0
33,Bali,2022-01-12,Pemerintah Daerah Provinsi Bali,Belanja Alat/Bahan Untuk Kegiatan Kantor-Alat Tulis Kantor Barang Cetakan Dan Penggandaan Skpdkb,Services,1052024600.0,Complete,Belanja Alat/Bahan Untuk Kegiatan Kantor-Alat Tulis Kantor Barang Cetakan Dan Penggandaan Skpdkb,2022-01-12,802769000.0,Pt. Aridas Karya Satria,20,0.7630705593766534
33,Bali,2022-01-17,Pemerintah Daerah Provinsi Bali,"Belanja Jasa Yang Diberikan Kepada Pihak Ketiga/Pihak Lain Berupa Belanja Subsidi Kepada Pihak Ketiga Lainnya, Spesifikasi: Pembelian Layanan Angkutan Umum Trans Sarbagita",Services,2111481313.31,Complete,"Belanja Jasa Yang Diberikan Kepada Pihak Ketiga/Pihak Lain Berupa Belanja Subsidi Kepada Pihak Ketiga Lainnya, Spesifikasi: Pembelian Layanan Angkutan Umum Trans Sarbagita",2022-01-17,1941045706.55,Perusahaan Umum Pengangkutan Penumpang Djakarta,17,0.9192814988768138
33,Bali,2022-02-04,Pemerintah Daerah Provinsi Bali,Pembangunan Gedung Kertha Sabha,Works,19999994652.9,Complete,Pembangunan Gedung Kertha Sabha,2022-02-04,18796460550.57,Pt. Trijaya Nasional,31,0.9398232787949526
33,Bali,2022-02-07,Pemerintah Daerah Provinsi Bali,Bahan Makanan,Goods,2657844668.06,Complete,Bahan Makanan,2022-02-07,2476650840.0,Cv Karya Sari Sedana,20,0.931826780459576
33,Bali,2022-02-16,Pemerintah Daerah Provinsi Bali,Pengawasan Pembangunan Gedung Kertha Sabha,Services,498756984.0,Complete,Pengawasan Pembangunan Gedung Kertha Sabha,2022-02-16,490695700.0,Pt. Dana Sularsa Cipta,22,0.9838372508885008
33,Bali,2022-02-25,Pemerintah Daerah Provinsi Bali,Belanja Alat/Bahan Untuk Kegiatan Kantor-Alat Tulis Kantor (Barang Cetakan ),Services,563243750.0,Complete,Belanja Alat/Bahan Untuk Kegiatan Kantor-Alat Tulis Kantor (Barang Cetakan ),2022-02-25,370040000.0,Cv. Arial Tri Ad,30,0.6569802150489907
33,Bali,2022-03-21,Pemerintah Daerah Provinsi Bali,Pengawasan Rehabilitasi Jaringan Irigasi D.I Benel Di Kabupaten Jembrana (Dak),Services,296047573.8,Complete,Pengawasan Rehabilitasi Jaringan Irigasi D.I Benel Di Kabupaten Jembrana (Dak),2022-03-21,265009800.0,Cv. Prema Wangun Jaya,42,0.8951595062860805
33,Bali,2022-03-29,Pemerintah Daerah Provinsi Bali,Pengawasan Pembangunan Pasar Tradisional Desa Pakraman Pemaron (Lanjutan),Services,132260788.0,Complete,Pengawasan Pembangunan Pasar Tradisional Desa Pakraman Pemaron (Lanjutan),2022-03-29,129256050.0,Cv. Jaya Desain,49,0.9772817170876072
33,Bali,2022-03-29,Pemerintah Daerah Provinsi Bali,Belanja Natura Dan Pakan-Pakan,Goods,507079494.0,Complete,Belanja Natura Dan Pakan-Pakan,2022-03-29,428597950.0,Ud. Abhimayu,21,0.8452283223269131
33,Bali,2022-04-01,Pemerintah Daerah Provinsi Bali,Belanja Modal Peralatan Studio Video Dan Film Berupa Videotron Pada Uptd Pengembangan Kompetensi Sumber Daya Manusia,Goods,374995000.0,Complete,Belanja Modal Peralatan Studio Video Dan Film Berupa Videotron Pada Uptd Pengembangan Kompetensi Sumber Daya Manusia,2022-04-01,207000000.0,Cv.Trinity Group,3,0.5520073600981347
33,Bali,2022-04-04,Pemerintah Daerah Provinsi Bali,Belanja Kawat/Faksimili/Internet/Tv Berlangganan (Kredit Amazon Web Service (Aws) Dan Local Support),Services,800000000.0,Complete,Belanja Kawat/Faksimili/Internet/Tv Berlangganan (Kredit Amazon Web Service (Aws) Dan Local Support),2022-04-04,780666999.0,Cv Pratama Abadi Sejahtera,4,0.97583374875
33,Bali,2022-04-12,Pemerintah Daerah Provinsi Bali,Pengawasan Teknik Ruas Jalan Angentelu Andekasa Dan Simp. Bajo-Lempuyang (Dak),Services,467862450.0,Complete,Pengawasan Teknik Ruas Jalan Angentelu Andekasa Dan Simp. Bajo-Lempuyang (Dak),2022-04-12,392238000.0,Pt. Kencana Adhi Karma,49,0.8383617877433849
33,Bali,2022-04-12,Pemerintah Daerah Provinsi Bali,Pengawasan Teknik Ruas Jalan Provinsi Denpasar-Simp. Tohpati (Dak),Services,438603770.0,Complete,Pengawasan Teknik Ruas Jalan Provinsi Denpasar-Simp. Tohpati (Dak),2022-04-12,400950000.0,Cv. Gumi Artha Karya,49,0.9141508291185004
33,Bali,2022-04-12,Pemerintah Daerah Provinsi Bali,Rehabilitasi Jaringan Irigasi D.I. Benel Di Kabupaten Jembrana (Dak),Works,6785619325.1,Complete,Rehabilitasi Jaringan Irigasi D.I. Benel Di Kabupaten Jembrana (Dak),2022-04-12,4071076485.63,Pt. Bangun Raya Nusatama Inti,42,0.5999565095806497
33,Bali,2022-04-12,Pemerintah Daerah Provinsi Bali,Pengawasan Teknik Ruas Jalan Provinsi Selat-Pasar Agung (Dak),Services,438603770.0,Complete,Pengawasan Teknik Ruas Jalan Provinsi Selat-Pasar Agung (Dak),2022-04-12,400950000.0,Cv. Gumi Artha Karya,49,0.9141508291185004
33,Bali,2022-04-13,Kementerian Pertanian,Belanja Barang Bantuan Lainnya Untuk Diserahkan Kepada Masyarakat/Pemda,Goods,1348000000.0,Complete,Belanja Barang Bantuan Lainnya Untuk Diserahkan Kepada Masyarakat/Pemda,2022-04-13,1190000000.0,Kasih Mulia,22,0.8827893175074184
33,Bali,2022-04-19,Pemerintah Daerah Provinsi Bali,Pemeliharaan Berkala/Rehabilitasi Jalan + Rekontuksi/Peningkatan Kapasitas Stuktur Jalan (Khusus Provinsi) Ruas Jalan Provinsi Selat - Pasar Agung Di Kota Denpasar (Dak),Works,9332501900.0,Complete,Pemeliharaan Berkala/Rehabilitasi Jalan + Rekontuksi/Peningkatan Kapasitas Stuktur Jalan (Khusus Provinsi) Ruas Jalan Provinsi Selat - Pasar Agung Di Kota Denpasar (Dak),2022-04-19,6512051947.76,Cv. Suas Karya,49,0.6977820114625426
33,Bali,2022-04-21,Pemerintah Daerah Provinsi Bali,Belanja Modal Bangunan Gedung Kantor,Works,2003984000.0,Complete,Belanja Modal Bangunan Gedung Kantor,2022-04-21,1442857334.34,Cv.Ratu Gede,63,0.7199944382490079
33,Bali,2022-04-21,Pemerintah Daerah Provinsi Bali,Pemeliharaan Berkala Jalan Provinsi Ruas Denpasar-Simp. Tohpati (Dak),Works,9228800000.0,Complete,Pemeliharaan Berkala Jalan Provinsi Ruas Denpasar-Simp. Tohpati (Dak),2022-04-21,6921592897.42,Cv. Suas Karya,23,0.7499992303896498
33,Bali,2022-04-27,Pemerintah Daerah Provinsi Bali,Belanja Bahan-Bahan Bangunan Dan Konstruksi Lainnya,Goods,3046994000.0,Complete,Belanja Bahan-Bahan Bangunan Dan Konstruksi Lainnya,2022-04-27,2720074000.0,Pt. Bukit Aurumn Sejahtera,36,0.8927073699521562
33,Bali,2022-04-27,Pemerintah Daerah Provinsi Bali,Pemeliharaan Berkala Jalan Provinsi Ruas Simp. Bajo-Lempuyang (Dak),Works,2101601143.0,Complete,Pemeliharaan Berkala Jalan Provinsi Ruas Simp. Bajo-Lempuyang (Dak),2022-04-27,1941920499.71,Pt. Shuar Karya Mesari,29,0.9240195296705735
33,Bali,2022-04-27,Pemerintah Daerah Provinsi Bali,Belanja Bahan Penunjang,Goods,322943500.0,Complete,Belanja Bahan Penunjang,2022-04-27,270374244.0,Pt. Cita Swara Sejahtera,21,0.8372184112700829
33,Bali,2022-05-10,Pemerintah Daerah Provinsi Bali,Pemeliharaan Berkala Jalan Provinsi Ruas Angentelu-Andekasa (Dak),Works,6788718367.0,Complete,Pemeliharaan Berkala Jalan Provinsi Ruas Angentelu-Andekasa (Dak),2022-05-10,4752102366.09,Cv. Suas Karya,42,0.6999999277021121
33,Bali,2022-05-20,Pemerintah Daerah Provinsi Bali,Pengawasan Pembangunan Perguruan Pencak Silat Kertha Wisesa,Services,221238226.0,Complete,Pengawasan Pembangunan Perguruan Pencak Silat Kertha Wisesa,2022-05-20,213457970.0,Pt. Kencana Adhi Karma,50,0.9648331296961312
33,Bali,2022-05-24,Pemerintah Daerah Provinsi Bali,Belanja Sewa Personal Computer (Sewa Layanan Sistem Ppdb Online Sma Dan Smk),Services,715000000.0,Complete,Belanja Sewa Personal Computer (Sewa Layanan Sistem Ppdb Online Sma Dan Smk),2022-05-24,714870000.0,"Pt. Telekomunikasi Indonesia, Tbk.",12,0.9998181818181818
33,Bali,2022-05-25,Pemerintah Daerah Provinsi Bali,Belanja Asuransi Barang Milik Daerah ( Belanja Premi),Services,1532599196.52,Complete,Belanja Asuransi Barang Milik Daerah ( Belanja Premi),2022-05-25,1157058999.96,Pt Asuransi Sinar Mas,42,0.7549651615290409
33,Bali,2022-06-07,Pemerintah Daerah Provinsi Bali,Pembangunan Pasar Tradisional Desa Pakraman Pemaron (Lanjutan),Works,999949557.11,Complete,Pembangunan Pasar Tradisional Desa Pakraman Pemaron (Lanjutan),2022-06-07,747552975.41,Cv Sinar Surya Abadi,60,0.7475906860447411
33,Bali,2022-06-07,Pemerintah Daerah Provinsi Bali,Belanja Bahan Reagen,Goods,503371050.0,Complete,Belanja Bahan Reagen,2022-06-07,449161500.0,Pt Metro Maha Makmur,25,0.8923069771294952
33,Bali,2022-06-15,Kementerian Pertanian,Belanja Barang Fisik Lainnya Untuk Diserahkan Kepada Masyarakat/Pemda Berupa Ternak Sapi Potong (Tripel Helix),Goods,954500000.0,Complete,Belanja Barang Fisik Lainnya Untuk Diserahkan Kepada Masyarakat/Pemda Berupa Ternak Sapi Potong (Tripel Helix),2022-06-15,877000000.0,Pt. Riasen Ary Wirawan,18,0.9188056574122576
33,Bali,2022-06-16,Pemerintah Daerah Provinsi Bali,Belanja Pac Untuk Operasional Spam,Goods,2139192000.0,Complete,Belanja Pac Untuk Operasional Spam,2022-06-16,2122986000.0,Pt. Glagah Indo Perkasa,29,0.9924242424242424
33,Bali,2022-06-23,Pemerintah Daerah Provinsi Bali,Inventarisasi Pemetaan Lahan Potensial Di Provinsi Bali;,Services,149643318.0,Complete,Inventarisasi Pemetaan Lahan Potensial Di Provinsi Bali;,2022-06-23,110933400.0,Pt. Galen Sagara Perkasa,41,0.74131876706984
33,Bali,2022-06-30,Pemerintah Daerah Provinsi Bali,Renovasi Pura Munduk Angker/Munduk Dawu Besakih,Works,999998278.85,Complete,Renovasi Pura Munduk Angker/Munduk Dawu Besakih,2022-06-30,629961752.15,Cv. Cakra Wijaya Karya,49,0.6299628364105359
33,Bali,2022-07-01,Pemerintah Daerah Provinsi Bali,Belanja Modal Bangunan Fasilitas Umum,Works,334271844000.0,Complete,Belanja Modal Bangunan Fasilitas Umum,2022-07-01,283362242000.0,Pt. Hutama Karya (Persero),87,0.8476999995249376
33,Bali,2022-07-05,Pemerintah Daerah Provinsi Bali,Pembangunan Institut Seni Indonesia Denpasar,Works,4979693045.42,Complete,Pembangunan Institut Seni Indonesia Denpasar,2022-07-05,3637142375.51,Cv. Warna Bali Utama,43,0.7303948942907653
33,Bali,2022-07-06,Pemerintah Daerah Provinsi Bali,Pengawasan Pembangunan Institut Seni Indonesia Denpasar,Services,274027809.0,Complete,Pengawasan Pembangunan Institut Seni Indonesia Denpasar,2022-07-06,272210850.0,Cv. Jaya Desain,33,0.993369435727598
33,Bali,2022-07-06,Pemerintah Daerah Provinsi Bali,Pengawasan Renovasi Pura Munduk Angker/Munduk Dawu Besakih,Services,153311046.6,Complete,Pengawasan Renovasi Pura Munduk Angker/Munduk Dawu Besakih,2022-07-06,152011170.0,Cv. Jaya Desain,33,0.9915213115504228
33,Bali,2022-07-06,Pemerintah Daerah Provinsi Bali,Pengawasan Pembangunan Pura Toyasah Kahyangan Jagat Tempat Pemelastian Ida Bhatara Ring Pura Besakih,Services,209805828.6,Complete,Pengawasan Pembangunan Pura Toyasah Kahyangan Jagat Tempat Pemelastian Ida Bhatara Ring Pura Besakih,2022-07-06,208075050.0,Cv. Jaya Desain,33,0.9917505695072956
33,Bali,2022-07-06,Pemerintah Daerah Provinsi Bali,"Pengawasan Penataan Pura Dalem Dasar Lempuyang Kecamatan Abang, Kabupaten Karangasem",Services,153156667.8,Complete,"Pengawasan Penataan Pura Dalem Dasar Lempuyang Kecamatan Abang, Kabupaten Karangasem",2022-07-06,150516000.0,Cv. Ganesha Teknika,33,0.9827583882704451
33,Bali,2022-07-07,Pemerintah Daerah Provinsi Bali,Belanja Modal Pembangunan Gedung Kantor Rehab Gedung Kantor Uptd Pelayanan Pajak Dan Retribusi Daerah Kabupaten Badung,Works,1014440000.0,Complete,Belanja Modal Pembangunan Gedung Kantor Rehab Gedung Kantor Uptd Pelayanan Pajak Dan Retribusi Daerah Kabupaten Badung,2022-07-07,692775810.99,Cv. Nedeng Sari,38,0.6829145252454556
33,Bali,2022-07-13,Pemerintah Daerah Provinsi Bali,Biaya Pengawasan Smkn 6 Denpasar (Lanjutan),Services,199773293.4,Complete,Biaya Pengawasan Smkn 6 Denpasar (Lanjutan),2022-07-13,198138330.0,Cv. Jaya Desain,44,0.9918159060594433
33,Bali,2022-07-15,Pemerintah Daerah Provinsi Bali,Pembangunan Pura Toyasah Kahyangan Jagat Tempat Pemelastian Ida Bhatara Ring Pura Besakih,Works,1499931501.97,Complete,Pembangunan Pura Toyasah Kahyangan Jagat Tempat Pemelastian Ida Bhatara Ring Pura Besakih,2022-07-15,883300303.07,Cv.Ratu Gede,24,0.588893760754994
33,Bali,2022-07-18,Pemerintah Daerah Provinsi Bali,Pembangunan Perguruan Pencak Silat Kertha Wisesa,Works,1499995000.4,Complete,Pembangunan Perguruan Pencak Silat Kertha Wisesa,2022-07-18,1134888767.92,Cv Perama Dewata,45,0.7565950337283538
33,Bali,2022-07-19,Pemerintah Daerah Provinsi Bali,Pematangan Lahan Tahap Ii Pkb,Works,185342267451.0,Complete,Pematangan Lahan Tahap Ii Pkb,2022-07-19,173666333000.0,Pt. Nindya Karya (Persero),83,0.9370033904754788
33,Bali,2022-07-19,Pemerintah Daerah Provinsi Bali,Pembangunan Unit Sekolah Baru Smkn 6 Denpasar (Lanjutan),Works,8791513000.0,Complete,Pembangunan Unit Sekolah Baru Smkn 6 Denpasar (Lanjutan),2022-07-19,6150000000.0,Cv. Nadi Guna Karya,43,0.6995382933517814
33,Bali,2022-07-22,Pemerintah Daerah Provinsi Bali,Bangunan Gedung Tempat Pendidikan Pembangunan Unit Sekolah Baru Sman 10 Denpasar,Works,3772997274.5,Complete,Bangunan Gedung Tempat Pendidikan Pembangunan Unit Sekolah Baru Sman 10 Denpasar,2022-07-22,2704349130.66,Cv. Sari Merta Bawa,17,0.7167641357542146
33,Bali,2022-07-27,Pemerintah Daerah Provinsi Bali,Jasa Konsultansi Pengawasan Pembangunan Unit Sekolah Baru Sman 3 Negara,Services,149970990.0,Complete,Jasa Konsultansi Pengawasan Pembangunan Unit Sekolah Baru Sman 3 Negara,2022-07-27,147630000.0,Pt. Darmasraya Mitra Amerta,27,0.9843903810997048
33,Bali,2022-07-27,Pemerintah Daerah Provinsi Bali,Jasa Konsultansi Pengawasan Pembangunan Unit Sekolah Baru Sman 11 Denpasar,Services,149970990.0,Complete,Jasa Konsultansi Pengawasan Pembangunan Unit Sekolah Baru Sman 11 Denpasar,2022-07-27,148234950.0,Cv. Jaya Desain,27,0.9884241612327824
33,Bali,2022-07-27,Pemerintah Daerah Provinsi Bali,Jasa Konsultansi Pengawasan Pembangunan Unit Sekolah Baru Sman 10 Denpasar,Services,149970990.0,Complete,Jasa Konsultansi Pengawasan Pembangunan Unit Sekolah Baru Sman 10 Denpasar,2022-07-27,147707700.0,Pt. Kencana Adhi Karma,27,0.9849084813002836
33,Bali,2022-07-27,Pemerintah Daerah Provinsi Bali,Jasa Konsultansi Pengawasan Pembangunan Unit Sekolah Baru Sman 9 Denpasar,Services,149970990.0,Complete,Jasa Konsultansi Pengawasan Pembangunan Unit Sekolah Baru Sman 9 Denpasar,2022-07-27,147707700.0,Pt. Kencana Adhi Karma,27,0.9849084813002836
33,Bali,2022-07-27,Pemerintah Daerah Provinsi Bali,Jasa Konsultansi Pengawasan Pembangunan Unit Sekolah Baru Sman 2 Kuta Utara,Services,149970990.0,Complete,Jasa Konsultansi Pengawasan Pembangunan Unit Sekolah Baru Sman 2 Kuta Utara,2022-07-27,148234950.0,Cv. Jaya Desain,27,0.9884241612327824
33,Bali,2022-07-27,Pemerintah Daerah Provinsi Bali,Jasa Konsultansi Pengawasan Pembangunan Unit Sekolah Baru Sman 2 Gianyar,Services,199946520.0,Complete,Jasa Konsultansi Pengawasan Pembangunan Unit Sekolah Baru Sman 2 Gianyar,2022-07-27,197074950.0,Cv. Jaya Desain,27,0.9856383096840096
33,Bali,2022-07-29,Pemerintah Daerah Provinsi Bali,Bangunan Gedung Tempat Pendidikan Pembangunan Unit Sekolah Baru Sman 3 Negara,Works,3764995449.29,Complete,Bangunan Gedung Tempat Pendidikan Pembangunan Unit Sekolah Baru Sman 3 Negara,2022-07-29,2385941188.86,Cv. Ayu Bagus,24,0.6337168851850642
33,Bali,2022-08-02,Pemerintah Daerah Provinsi Bali,Pembangunan Tembok Penyengker Smkn 1 Sawan,Works,594196234.99,Complete,Pembangunan Tembok Penyengker Smkn 1 Sawan,2022-08-02,408600000.0,Cv.Murjayadi Utama,27,0.687651613960288
33,Bali,2022-08-04,Pemerintah Daerah Provinsi Bali,Bangunan Gedung Tempat Pendidikan Pembangunan Unit Sekolah Baru Sman 2 Kuta Utara,Works,3699969756.64,Complete,Bangunan Gedung Tempat Pendidikan Pembangunan Unit Sekolah Baru Sman 2 Kuta Utara,2022-08-04,2376288000.0,Pt. Selau Indah Utama,30,0.6422452496362955
33,Bali,2022-08-04,Pemerintah Daerah Provinsi Bali,Bangunan Gedung Tempat Pendidikan Pembangunan Unit Sekolah Baru Sman 11 Denpasar,Works,3699987810.65,Complete,Bangunan Gedung Tempat Pendidikan Pembangunan Unit Sekolah Baru Sman 11 Denpasar,2022-08-04,2553000000.0,Pt. Selau Indah Utama,30,0.6900022731565427
33,Bali,2022-08-09,Pemerintah Daerah Provinsi Bali,Bangunan Gedung Tempat Pendidikan Pembangunan Unit Sekolah Baru Sman 9 Denpasar,Works,3699961243.39,Complete,Bangunan Gedung Tempat Pendidikan Pembangunan Unit Sekolah Baru Sman 9 Denpasar,2022-08-09,2580323412.68,Cv. Sari Nusa Raharja,35,0.6973920111432954
33,Bali,2022-08-09,Pemerintah Daerah Provinsi Bali,Pengawasan Pembangunan Wantilan Dan Penataan Areal Tempat Melasti Di Pantai Padang Galak Desa Kesiman Denpasar,Services,199549428.6,Complete,Pengawasan Pembangunan Wantilan Dan Penataan Areal Tempat Melasti Di Pantai Padang Galak Desa Kesiman Denpasar,2022-08-09,197818650.0,Cv. Jaya Desain,33,0.9913265669957424
33,Bali,2022-08-11,Pemerintah Daerah Provinsi Bali,Bangunan Gedung Tempat Pendidikan Pembangunan Unit Sekolah Baru Sman 2 Gianyar,Works,7199947608.87,Complete,Bangunan Gedung Tempat Pendidikan Pembangunan Unit Sekolah Baru Sman 2 Gianyar,2022-08-11,4910772579.85,Jaya Adi Pramana,37,0.6820567102183018
33,Bali,2022-08-11,Pemerintah Daerah Provinsi Bali,"Pengawasan Penataan Area Pura Silayukti Desa Padangbai, Kecamatan Manggis, Kabupaten Karangasem",Services,153692753.4,Complete,"Pengawasan Penataan Area Pura Silayukti Desa Padangbai, Kecamatan Manggis, Kabupaten Karangasem",2022-08-11,152364150.0,Cv. Jaya Desain,35,0.991355458402504
33,Bali,2022-08-12,Pemerintah Daerah Provinsi Bali,",Pembangunan Ruang Keterampilan Slbn 1 Klungkung (Lanjutan)",Works,1641307156.83,Complete,",Pembangunan Ruang Keterampilan Slbn 1 Klungkung (Lanjutan)",2022-08-12,1060050000.0,Cv. Wisma Niaga,42,0.6458571727959606
33,Bali,2022-08-12,Pemerintah Daerah Provinsi Bali,Pembangunan Pusat Latihan Lembaga Dewan Pendekar Pusat Persatuan Seni Pencak Silat Bakti Negara,Works,1499990952.86,Complete,Pembangunan Pusat Latihan Lembaga Dewan Pendekar Pusat Persatuan Seni Pencak Silat Bakti Negara,2022-08-12,1185531341.6,Cv. Nurjaya Karya,24,0.7903589947256503
33,Bali,2022-08-15,Pemerintah Daerah Provinsi Bali,Pengawasan Pembangunan Pusat Latihan Lembaga Dewan Pendekar Pusat Persatuan Seni Pencak Silat Bakti Negara,Services,217788549.0,Complete,Pengawasan Pembangunan Pusat Latihan Lembaga Dewan Pendekar Pusat Persatuan Seni Pencak Silat Bakti Negara,2022-08-15,214417590.0,Cv. Jaya Desain,41,0.984521872176117
33,Bali,2022-08-16,Pemerintah Daerah Provinsi Bali,"Pengawasan Perehaban Pura Dalem Solo, Desa Sangketan, Kec Penebel,Kab Tabanan",Services,153692753.4,Complete,"Pengawasan Perehaban Pura Dalem Solo, Desa Sangketan, Kec Penebel,Kab Tabanan",2022-08-16,152452950.0,Pt. Ramu Prima Persada,49,0.991933234504731
33,Bali,2022-08-18,Pemerintah Daerah Provinsi Bali,Pengawasan Pembangunan Infrastruktur Pelindungan Kawasan Suci Besakih (Lanjutan),Services,487756510.8,Complete,Pengawasan Pembangunan Infrastruktur Pelindungan Kawasan Suci Besakih (Lanjutan),2022-08-18,486002400.0,Cv. Jaya Desain,29,0.9964037162781836
33,Bali,2022-08-23,Pemerintah Daerah Provinsi Bali,"Pengawasan Pembangunan Wantilan Desa Sambangan, Kecamatan Sukasada, Kabupaten Buleleng",Services,153692753.4,Complete,"Pengawasan Pembangunan Wantilan Desa Sambangan, Kecamatan Sukasada, Kabupaten Buleleng",2022-08-23,148556850.0,Cv. Perencana Utama,35,0.966583308019518
33,Bali,2022-08-24,Pemerintah Daerah Provinsi Bali,Pembangunan Unit Sekolah Baru Smkn 2 Kubu (Lanjutan),Works,749999999.99,Complete,Pembangunan Unit Sekolah Baru Smkn 2 Kubu (Lanjutan),2022-08-24,526727131.25,Cv Arya Dewata Utama,21,0.7023028416760307
33,Bali,2022-08-24,Pemerintah Daerah Provinsi Bali,Belanja Modal Bangunan Gedung Tempat Ibadah,Works,324963133.22,Complete,Belanja Modal Bangunan Gedung Tempat Ibadah,2022-08-24,262955550.21,Cv Bayu Pasupati,19,0.809185791644799
33,Bali,2022-08-24,Pemerintah Daerah Provinsi Bali,Pembangunan Infrastruktur Pelindungan Kawasan Suci Besakih (Lanjutan),Works,11340218645.29,Complete,Pembangunan Infrastruktur Pelindungan Kawasan Suci Besakih (Lanjutan),2022-08-24,10024884000.0,Cv. Pasang Indah,19,0.8840115268997651
33,Bali,2022-08-24,Pemerintah Daerah Provinsi Bali,"Penataan Area Pura Silayukti Desa Padangbai, Kecamatan Manggis, Kabupaten Karangasem",Works,999998200.15,Complete,"Penataan Area Pura Silayukti Desa Padangbai, Kecamatan Manggis, Kabupaten Karangasem",2022-08-24,671420000.0,Cv. Karya Budiyasa,19,0.671421208457462
33,Bali,2022-08-25,Pemerintah Daerah Provinsi Bali,"Perehaban Pura Dalem Solo, Desa Sangketan, Kec Penebel,Kab Tabanan",Works,999992161.74,Complete,"Perehaban Pura Dalem Solo, Desa Sangketan, Kec Penebel,Kab Tabanan",2022-08-25,667902014.61,Pt. Ananda Bangun Nusa,21,0.6679072498406802
33,Bali,2022-09-01,Pemerintah Daerah Provinsi Bali,Pembangunan Wantilan Dan Penataan Areal Tempat Melasti Di Pantai Padang Galak Desa Kesiman Denpasar,Works,1499994733.75,Complete,Pembangunan Wantilan Dan Penataan Areal Tempat Melasti Di Pantai Padang Galak Desa Kesiman Denpasar,2022-09-01,1050767755.16,Cv.Wiguna Dananjaya,36,0.7005142961622748
33,Bali,2022-09-06,Pemerintah Daerah Provinsi Bali,"Penataan Pura Dalem Dasar Lempuyang Kecamatan Abang, Kabupaten Karangasem",Works,999908976.27,Complete,"Penataan Pura Dalem Dasar Lempuyang Kecamatan Abang, Kabupaten Karangasem",2022-09-06,561799046.94,Cv. Cakra Wijaya Karya,32,0.5618501886398712
33,Bali,2022-09-30,Pemerintah Daerah Provinsi Bali,Belanja Bahan Kimia Spam Petanu,Goods,1574183352.0,Complete,Belanja Bahan Kimia Spam Petanu,2022-09-30,1424751600.0,Cv. Ardian Djaja,70,0.905073477107894
33,Bali,2022-10-04,Pemerintah Daerah Provinsi Bali,"Pembangunan Wantilan Desa Sambangan, Kecamatan Sukasada, Kabupaten Buleleng",Works,999954104.55,Complete,"Pembangunan Wantilan Desa Sambangan, Kecamatan Sukasada, Kabupaten Buleleng",2022-10-04,749790078.48,Cv. Ayu Bagus,20,0.749824492012482
33,Bali,2022-10-13,Kementerian Pertanian,Belanja Peralatan Dan Mesin Untuk Diserahkan Kepada Masyarakat/ Pemda,Goods,854795899.98,Complete,Belanja Peralatan Dan Mesin Untuk Diserahkan Kepada Masyarakat/ Pemda,2022-10-13,849549156.0,Jaya Mandiri,16,0.993861992108148
33,Bali,2022-10-13,Pemerintah Daerah Provinsi Bali,Belanja Modal Bangunan Gedung Kantor,Works,1319674177.87,Complete,Belanja Modal Bangunan Gedung Kantor,2022-10-13,1235035689.15,Pt.Platinum Network Indonesia,14,0.9358641018068496
33,Bali,2022-10-17,Komisi Pemberantasan Korupsi,Paket Jasa Eo Pelaksanaan Hakordia 2022,Services,9333750000.0,Complete,Paket Jasa Eo Pelaksanaan Hakordia 2022,2022-10-17,4574931600.0,Pt. Nusa Kreasi Persada,18,0.4901493611892326
33,Bali,2022-10-18,Pemerintah Daerah Provinsi Bali,Penyusunan Dokumen Lingkungan Jembatan Nusa Lembongan - Nusa Ceningan Di Kabupaten Klungkung,Services,399770940.0,Complete,Penyusunan Dokumen Lingkungan Jembatan Nusa Lembongan - Nusa Ceningan Di Kabupaten Klungkung,2022-10-18,339733260.0,Pt. Kencana Adhi Karma,32,0.8498197993080737
33,Bali,2022-10-19,Pemerintah Daerah Provinsi Bali,Survey Kondisi Jalan Pada Ruas Jalan Provinsi,Services,249389472.0,Complete,Survey Kondisi Jalan Pada Ruas Jalan Provinsi,2022-10-19,199604640.0,Pt. Kencana Adhi Karma,36,0.8003731609007135
33,Bali,2022-10-19,Pemerintah Daerah Provinsi Bali,Perencanaan Teknik Jalan Dan Jembatan Pada Ruas Jalan Provinsi Buruan - Senganan - Pacung,Services,399675369.0,Complete,Perencanaan Teknik Jalan Dan Jembatan Pada Ruas Jalan Provinsi Buruan - Senganan - Pacung,2022-10-19,295848300.0,Cv. Dana Cipta,36,0.7402214971120725
33,Bali,2022-10-19,Pemerintah Daerah Provinsi Bali,Survey Kondisi Jembatan Pada Ruas Jalan Provinsi,Services,249329976.0,Complete,Survey Kondisi Jembatan Pada Ruas Jalan Provinsi,2022-10-19,200491530.0,Pt. Kencana Adhi Karma,36,0.804121242124533
33,Bali,2022-10-19,Pemerintah Daerah Provinsi Bali,Perencanaan Teknik Jalan Melingkar Pada Pura Dalem Penunggekan Di Kabupaten Bangli,Services,349108986.0,Complete,Perencanaan Teknik Jalan Melingkar Pada Pura Dalem Penunggekan Di Kabupaten Bangli,2022-10-19,311266200.0,Cv. Gumi Artha Karya,36,0.8916017991012125
33,Bali,2022-10-19,Pemerintah Daerah Provinsi Bali,Perencanaan Teknik Jembatan (Ded) Jembatan Nusa Lembongan - Nusa Ceningan Di Kabupaten Klungkung,Services,599852436.0,Complete,Perencanaan Teknik Jembatan (Ded) Jembatan Nusa Lembongan - Nusa Ceningan Di Kabupaten Klungkung,2022-10-19,511854300.0,Cv. Gumi Artha Karya,36,0.8533003606907082
33,Bali,2022-10-19,Pemerintah Daerah Provinsi Bali,Pengawasan Pembangunan Gedung Kertha Sabha (Lanjutan),Services,181994712.0,Complete,Pengawasan Pembangunan Gedung Kertha Sabha (Lanjutan),2022-10-19,179208390.0,Pt. Dana Sularsa Cipta,33,0.9846900936330502
33,Bali,2022-10-22,Pemerintah Daerah Provinsi Bali,Penyusunan Basic Design Zona Penyangga Dan Perencanaan Detail Sistem Jaringan Transportasi Kawasan Pusat Kebudayaan Bali Di Kabupaten Klungkung,Services,3236270379.0,Complete,Penyusunan Basic Design Zona Penyangga Dan Perencanaan Detail Sistem Jaringan Transportasi Kawasan Pusat Kebudayaan Bali Di Kabupaten Klungkung,2022-10-22,2946694800.0,Pt. Yodya Karya (Persero) Wilayah I,33,0.910521821390746
33,Bali,2022-10-25,Pemerintah Daerah Provinsi Bali,Pembangunan Padepokan Perisai Diri Bali Di Denpasar (Lanjutan),Works,980055453.27,Complete,Pembangunan Padepokan Perisai Diri Bali Di Denpasar (Lanjutan),2022-10-25,685665123.9,Pt. Phoenix Konstruksi Indonesia,14,0.6996187017910536
33,Bali,2022-10-31,Pemerintah Daerah Provinsi Bali,Belanja Modal Gedung Dan Bangunan Blud Untuk Belanja Modal Bangunan Kesehatan Berupa Pengawasan Pembangunan Lanjutan Gedung Layanan Kanker Terpadu,Services,1097225000.0,Complete,Belanja Modal Gedung Dan Bangunan Blud Untuk Belanja Modal Bangunan Kesehatan Berupa Pengawasan Pembangunan Lanjutan Gedung Layanan Kanker Terpadu,2022-10-31,952395540.0,Pt. Demensi Ronakon,39,0.8680038642940144
33,Bali,2022-11-07,Pemerintah Daerah Provinsi Bali,Pembangunan Gedung Kertha Sabha (Lanjutan),Works,6520217043.19,Complete,Pembangunan Gedung Kertha Sabha (Lanjutan),2022-11-07,5541367749.47,Pt. Manik Sekecap Karya,19,0.8498747377217523
33,Bali,2022-11-08,Pemerintah Daerah Provinsi Bali,Belanja Modal Gedung Dan Bangunan Blud Untuk Belanja Modal Bangunan Kesehatan Berupa Pembangunan Lanjutan Gedung Layanan Kanker Terpadu,Works,30177630000.0,Complete,Belanja Modal Gedung Dan Bangunan Blud Untuk Belanja Modal Bangunan Kesehatan Berupa Pembangunan Lanjutan Gedung Layanan Kanker Terpadu,2022-11-08,29200574530.78,Pt. Sanur Jaya Utama,19,0.967623187466345
33,Bali,2022-11-16,Pemerintah Daerah Provinsi Bali,Pengembangan Aula Menjadi Command Centre Kejaksaan Tinggi Bali,Works,2249059873.33,Complete,Pengembangan Aula Menjadi Command Centre Kejaksaan Tinggi Bali,2022-11-16,2225693471.65,Pt. Tunas Jaya Nusantara,12,0.9896105915377864
33,Bali,2022-11-17,Pemerintah Daerah Provinsi Bali,"Belanja Sewa Alat Besar Darat Lainnya,Belanja Sewa Excavator",Services,1202352000.0,Complete,"Belanja Sewa Alat Besar Darat Lainnya,Belanja Sewa Excavator",2022-11-17,1193472000.0,Janur Berkah Sentosa,16,0.9926144756277696
33,Bali,2022-11-17,Pemerintah Daerah Provinsi Bali,Belanja Jasa Yang Diberikan Kepada Pihak Ketiga/Pihak Lain Spesifikasi: Pembelian Layanan Angkutan Umum Trans Sarbagita Bulan Desember 2022,Services,240161994.38,Complete,Belanja Jasa Yang Diberikan Kepada Pihak Ketiga/Pihak Lain Spesifikasi: Pembelian Layanan Angkutan Umum Trans Sarbagita Bulan Desember 2022,2022-11-17,232662310.91,Perusahaan Umum Pengangkutan Penumpang Djakarta,13,0.96877239677593
33,Bali,2022-12-09,Pemerintah Daerah Provinsi Bali,Pengadaan Barang Gedung Kertha Sabha,Goods,14133840900.0,Complete,Pengadaan Barang Gedung Kertha Sabha,2022-12-09,14007158788.51,Pt. Manik Sekecap Karya,14,0.9910369649420632
33,Bali,2023-01-27,Pemerintah Daerah Provinsi Bali,"Belanja Jasa Yang Diberikan Kepada Pihak Ketiga/Pihak Lain/ Masyarakat, Spesifikasi: Pembelian Layanan Angkutan Umum Trans Sarbagita, Meliputi Koridor I (Kota Gwk Pp) Dan Koridor Ii (Kota Nusadua Pp) Selama 11 Bulan",Services,2333451702.67,Complete,"Belanja Jasa Yang Diberikan Kepada Pihak Ketiga/Pihak Lain/ Masyarakat, Spesifikasi: Pembelian Layanan Angkutan Umum Trans Sarbagita, Meliputi Koridor I (Kota Gwk Pp) Dan Koridor Ii (Kota Nusadua Pp) Selama 11 Bulan",2023-01-27,2317299952.4,Perum Damri,10,0.9930781724552008
33,Bali,2023-01-28,Pemerintah Daerah Provinsi Bali,Belanja Alat/Bahan Untuk Kegiatan Kantor-Alat Tulis Kantor Belanja Barang Cetakan Skpdkb (Surat Ketetapan Pajak Daerah Kendaraan Bermotor),Services,1030390800.0,Complete,Belanja Alat/Bahan Untuk Kegiatan Kantor-Alat Tulis Kantor Belanja Barang Cetakan Skpdkb (Surat Ketetapan Pajak Daerah Kendaraan Bermotor),2023-01-28,850149000.0,Pt Pura Barutama,22,0.8250743310208127
33,Bali,2023-02-21,Pemerintah Daerah Provinsi Bali,"Belanja Jasa Yang Diberikan Kepada Pihak Ketiga/Pihak Lain/ Masyarakat, Spesifikasi: Pembelian Layanan Pendukung Angkutan Umum Trans Sarbagita",Services,1116714396.31,Complete,"Belanja Jasa Yang Diberikan Kepada Pihak Ketiga/Pihak Lain/ Masyarakat, Spesifikasi: Pembelian Layanan Pendukung Angkutan Umum Trans Sarbagita",2023-02-21,1094070178.44,Perusahaan Umum Pengangkutan Penumpang Djakarta,14,0.9797224626593656
33,Bali,2023-02-23,Pemerintah Daerah Provinsi Bali,"Belanja Jasa Yang Diberikan Kepada Pihak Ketiga/Pihak Lain/ Masyarakat, Spesifikasi: Pembelian Layanan Angkutan Umum Denpasar - Bangli",Services,1063089630.72,Complete,"Belanja Jasa Yang Diberikan Kepada Pihak Ketiga/Pihak Lain/ Masyarakat, Spesifikasi: Pembelian Layanan Angkutan Umum Denpasar - Bangli",2023-02-23,1036862835.84,Perusahaan Umum Pengangkutan Penumpang Djakarta,10,0.9753296484867064
33,Bali,2023-03-03,Pemerintah Daerah Provinsi Bali,Belanja Modal Alat Komunikasi Khusus Berupa Pengadaan Perangkat Sistem Tews Di 9 Lokasi Dan Pengendali Regional,Services,1455565200.0,Complete,Belanja Modal Alat Komunikasi Khusus Berupa Pengadaan Perangkat Sistem Tews Di 9 Lokasi Dan Pengendali Regional,2023-03-03,1416693000.0,Pt. Harapan Pertiwi Bangun Nusantara,15,0.973294085349114
33,Bali,2023-03-20,Pemerintah Daerah Provinsi Bali,Pembangunan Ruang Kelas Slbn 1 Gianyar,Works,1512814095.62,Complete,Pembangunan Ruang Kelas Slbn 1 Gianyar,2023-03-20,1042972052.56,Putra Besan,26,0.6894251286920726
33,Bali,2023-03-28,Pemerintah Daerah Provinsi Bali,Pembangunan Sumur Uji Di Banjar Selombo Desa Bondalem Kec. Tejakula Kab.Buleleng,Works,1057443390.24,Complete,Pembangunan Sumur Uji Di Banjar Selombo Desa Bondalem Kec. Tejakula Kab.Buleleng,2023-03-28,888147470.74,Cv Madya Karya,19,0.8399007255966902
33,Bali,2023-04-05,Pemerintah Daerah Provinsi Bali,Jasa Konsultansi Pengawasan Unit Sekolah Baru Sman 2 Sukawati,Services,199971295.0,Complete,Jasa Konsultansi Pengawasan Unit Sekolah Baru Sman 2 Sukawati,2023-04-05,199733400.0,Cv. Tataring Bali,40,0.9988103542560948
33,Bali,2023-04-05,Pemerintah Daerah Provinsi Bali,Jasa Konsultansi Pengawasan Unit Sekolah Baru Sman 3 Kuta Selatan,Services,199909934.0,Complete,Jasa Konsultansi Pengawasan Unit Sekolah Baru Sman 3 Kuta Selatan,2023-04-05,199233900.0,Cv. Tataring Bali,40,0.9966183071222464
33,Bali,2023-04-05,Pemerintah Daerah Provinsi Bali,Jasa Konsultansi Pengawasan Unit Sekolah Baru Sman 3 Mengwi,Services,199909934.0,Complete,Jasa Konsultansi Pengawasan Unit Sekolah Baru Sman 3 Mengwi,2023-04-05,162229275.0,Cv. Perencana Utama,40,0.8115118231193054
33,Bali,2023-04-05,Pemerintah Daerah Provinsi Bali,Jasa Konsultasi Pengawasan Pembangunan Unit Sekolah Baru (Usb) Smkn 2 Kuta Selatan,Services,223829946.0,Complete,Jasa Konsultasi Pengawasan Pembangunan Unit Sekolah Baru (Usb) Smkn 2 Kuta Selatan,2023-04-05,223152180.0,Pt. Kencana Adhi Karma,40,0.9969719601326268
33,Bali,2023-04-05,Pemerintah Daerah Provinsi Bali,Jasa Konsultasi Pengawasan Pembangunan Unit Sekolah Baru Smkn 1 Banjar,Services,249324426.0,Complete,Jasa Konsultasi Pengawasan Pembangunan Unit Sekolah Baru Smkn 1 Banjar,2023-04-05,248646660.0,Pt. Kencana Adhi Karma,40,0.9972815900516704
33,Bali,2023-04-05,Pemerintah Daerah Provinsi Bali,Pengawasan Pengembangan Pura Tegal Suci Pagenian Dan Pura Beji Telaga Geni Besakih,Services,299549861.4,Complete,Pengawasan Pengembangan Pura Tegal Suci Pagenian Dan Pura Beji Telaga Geni Besakih,2023-04-05,299544160.44,Pt. Kencana Adhi Karma,41,0.9999809682435729
33,Bali,2023-04-06,Pemerintah Daerah Provinsi Bali,Pengawasan Pembangunan Anjung Pandang Di Kawasan Suci Besakih Kabupaten Karangasem,Services,224525139.0,Complete,Pengawasan Pembangunan Anjung Pandang Di Kawasan Suci Besakih Kabupaten Karangasem,2023-04-06,224220000.0,Cv. Tataring Bali,36,0.9986409584184692
33,Bali,2023-04-12,Pemerintah Daerah Provinsi Bali,Pengawasan Rehabilitasi Jaringan Irigasi D.I Gerana Di Kabupaten Badung (Dak),Services,543817087.44,Complete,Pengawasan Rehabilitasi Jaringan Irigasi D.I Gerana Di Kabupaten Badung (Dak),2023-04-12,518259000.0,Cv. Werdhi Laksana,44,0.9530024193239056
33,Bali,2023-04-12,Pemerintah Daerah Provinsi Bali,Pengawasan Rehabilitasi Jaringan Irigasi D.I Benel Di Kabupaten Jembrana (Dak),Services,361740295.38,Complete,Pengawasan Rehabilitasi Jaringan Irigasi D.I Benel Di Kabupaten Jembrana (Dak),2023-04-12,319680000.0,Cv. Permata Konsultan,44,0.8837279232720905
33,Bali,2023-04-12,Pemerintah Daerah Provinsi Bali,Pengawasan Teknik Ruas Jalan Provinsi Ubud - Tegalalang - Bubungbayung,Services,704831907.0,Complete,Pengawasan Teknik Ruas Jalan Provinsi Ubud - Tegalalang - Bubungbayung,2023-04-12,619193443.97,Cv.Absri Ananta Konsultan,44,0.8784980331062113
33,Bali,2023-04-12,Pemerintah Daerah Provinsi Bali,Pengawasan Teknik Ruas Jalan Provinsi Jln. A Yani Utara (Denpasar),Services,704831907.0,Complete,Pengawasan Teknik Ruas Jalan Provinsi Jln. A Yani Utara (Denpasar),2023-04-12,630940650.0,Cv. Gumi Artha Karya,44,0.8951647105272151
33,Bali,2023-04-12,Pemerintah Daerah Provinsi Bali,Pengawasan Teknik Pembangunan Jalan Dan Jembatan Pada Ruas Jalan Provinsi Sp. Buruan - Senganan - Pacung,Services,704831907.0,Complete,Pengawasan Teknik Pembangunan Jalan Dan Jembatan Pada Ruas Jalan Provinsi Sp. Buruan - Senganan - Pacung,2023-04-12,628665150.0,Cv. Gumi Artha Karya,44,0.8919362811990292
33,Bali,2023-04-12,Pemerintah Daerah Provinsi Bali,Pengawasan Teknik Ruas Jalan Provinsi Jln. Gunung Agung - Gunung Sanghyang (Denpasar),Services,658986021.0,Complete,Pengawasan Teknik Ruas Jalan Provinsi Jln. Gunung Agung - Gunung Sanghyang (Denpasar),2023-04-12,559178040.0,Cv. Nuritama Mandiri,44,0.8485430983064813
33,Bali,2023-04-12,Pemerintah Daerah Provinsi Bali,Pengawasan Teknik Ruas Jalan Provinsi Sp. Penelokan - Bts. Buleleng (Dak),Services,549149190.0,Complete,Pengawasan Teknik Ruas Jalan Provinsi Sp. Penelokan - Bts. Buleleng (Dak),2023-04-12,467076900.0,Pt. Arta Graha Cipta,44,0.8505464607896445
33,Bali,2023-04-12,Pemerintah Daerah Provinsi Bali,"Pengawasan Teknik Rehabilitasi Saluran Drainase Dan Trotoar Pada Ruas Jalan Provinsi Jln. Merdeka (Bangli), Jln. Nusantara (Bangli), Jln. Kusumayuda (Bangli), Jl. Airlangga (Bangli)",Services,658878684.0,Complete,"Pengawasan Teknik Rehabilitasi Saluran Drainase Dan Trotoar Pada Ruas Jalan Provinsi Jln. Merdeka (Bangli), Jln. Nusantara (Bangli), Jln. Kusumayuda (Bangli), Jl. Airlangga (Bangli)",2023-04-12,528448800.0,Pt. Kencana Adhi Karma,44,0.8020426412823518
33,Bali,2023-04-13,Pemerintah Daerah Provinsi Bali,Pembangunan Anjung Pandang Di Kawasan Suci Besakih Kabupaten Karangasem,Works,4243002546.0,Complete,Pembangunan Anjung Pandang Di Kawasan Suci Besakih Kabupaten Karangasem,2023-04-13,3263393322.15,Pt. Taurus Sejahtra,40,0.7691235833045856
33,Bali,2023-04-14,Pemerintah Daerah Provinsi Bali,Perencanaan Pembangunan Gedung Untuk Pmi Bali Center,Services,279735962.0,Complete,Perencanaan Pembangunan Gedung Untuk Pmi Bali Center,2023-04-14,250000860.0,Cv. Jaya Desain,43,0.8937029698026455
33,Bali,2023-04-18,Pemerintah Daerah Provinsi Bali,Pembangunan Ruang Kelas Baru (Rkb) Smkn 1 Bebandem (Lanjutan),Works,999978895.69,Complete,Pembangunan Ruang Kelas Baru (Rkb) Smkn 1 Bebandem (Lanjutan),2023-04-18,638989000.0,Pt. Megah Tama Perkasa,36,0.639002485706549
33,Bali,2023-04-18,Pemerintah Daerah Provinsi Bali,Rekonstruksi Jalan Ruas Jalan Provinsi Jln. A Yani Utara (Denpasar);,Works,37831939902.0,Complete,Rekonstruksi Jalan Ruas Jalan Provinsi Jln. A Yani Utara (Denpasar);,2023-04-18,37019435512.22,Pt. Sinar Tunas Karya Utama,22,0.9785233220425726
33,Bali,2023-04-18,Pemerintah Daerah Provinsi Bali,Rekonstruksi Jalan Ruas Jalan Provinsi Ubud -Tegalalang - Bubungbayung Di Kabupaten Gianyar;,Works,29508454338.0,Complete,Rekonstruksi Jalan Ruas Jalan Provinsi Ubud -Tegalalang - Bubungbayung Di Kabupaten Gianyar;,2023-04-18,28885003420.05,Pt. Pramana Artha Raharja,22,0.9788721255675144
33,Bali,2023-04-18,Pemerintah Daerah Provinsi Bali,Pembangunan Jalan Dan Jembatan Pada Ruas Jalan Provinsi Sp. Buruan - Senganan - Pacung;,Works,18000000000.0,Complete,Pembangunan Jalan Dan Jembatan Pada Ruas Jalan Provinsi Sp. Buruan - Senganan - Pacung;,2023-04-18,14400000000.0,Pt. Parama Adhi Pratama,22,0.8
33,Bali,2023-04-26,Pemerintah Daerah Provinsi Bali,",Inventarisasi Pemetaan Lahan Potensial Di Provinsi Bali",Services,297788625.0,Complete,",Inventarisasi Pemetaan Lahan Potensial Di Provinsi Bali",2023-04-26,196148100.0,Cv. Dharma Giri Jaya,50,0.658682311992273
33,Bali,2023-04-28,Pemerintah Daerah Provinsi Bali,Bangunan Gedung Tempat Pendidikan Pembangunan Unit Sekolah Baru Sman 3 Mengwi,Works,10760863914.0,Complete,Bangunan Gedung Tempat Pendidikan Pembangunan Unit Sekolah Baru Sman 3 Mengwi,2023-04-28,7389857029.0,Pt. Handika Yudha,59,0.6867345492015484
33,Bali,2023-04-29,Pemerintah Daerah Provinsi Bali,Pembangunan Ruang Kelas Baru (Rkb) Smkn 2 Negara,Works,2099873608.21,Complete,Pembangunan Ruang Kelas Baru (Rkb) Smkn 2 Negara,2023-04-29,1488537089.56,Putra Besan,32,0.7088698499472437
33,Bali,2023-05-04,Pemerintah Daerah Provinsi Bali,Pembangunan Ruang Kelas Baru (Rkb) Smkn 1 Kuta Selatan,Works,2099930287.86,Complete,Pembangunan Ruang Kelas Baru (Rkb) Smkn 1 Kuta Selatan,2023-05-04,1469499050.97,Cv. Tenaga Inti,62,0.6997846830751412
33,Bali,2023-05-11,Pemerintah Daerah Provinsi Bali,Rehabilitasi Psu Permukiman,Works,819972906.0,Complete,Rehabilitasi Psu Permukiman,2023-05-11,615979061.8,Pt. Praja Karya Mulia,41,0.7512187991733472
33,Bali,2023-05-11,Pemerintah Daerah Provinsi Bali,Rehabilitasi Jaringan Irigasi D.I Benel Di Kabupaten Jembrana (Dak),Works,7256378527.52,Complete,Rehabilitasi Jaringan Irigasi D.I Benel Di Kabupaten Jembrana (Dak),2023-05-11,4317380485.3,Cv. Karya Handika,41,0.5949772974116806
33,Bali,2023-05-11,Pemerintah Daerah Provinsi Bali,Pengawasan Pemasangan Pipa Tersier Dan Sambungan Pelanggan Air Limbah Perpipaan Terpusat Di Kab. Badung Dan Kota Denpasar,Services,224198665.8,Complete,Pengawasan Pemasangan Pipa Tersier Dan Sambungan Pelanggan Air Limbah Perpipaan Terpusat Di Kab. Badung Dan Kota Denpasar,2023-05-11,156303540.0,Pt. Kencana Adhi Karma,44,0.6971653441480917
33,Bali,2023-05-12,Pemerintah Daerah Provinsi Bali,Pemasangan Pipatersier Dan Sambungan Pelangganair Limbah Perpipaan Terpusat Dikab. Badung Dan Kota Denpasar,Works,999999962.79,Complete,Pemasangan Pipatersier Dan Sambungan Pelangganair Limbah Perpipaan Terpusat Dikab. Badung Dan Kota Denpasar,2023-05-12,941280000.0,Cv. Nandini,24,0.94128003502503
33,Bali,2023-05-13,Pemerintah Daerah Provinsi Bali,Rehabilitasi Jaringan Irigasi D.I Gerana Di Kabupaten Badung (Dak),Works,12987164870.04,Complete,Rehabilitasi Jaringan Irigasi D.I Gerana Di Kabupaten Badung (Dak),2023-05-13,8330387183.29,Pt. Laba Jaya Sejahtera,43,0.6414323115668848
33,Bali,2023-05-19,Pemerintah Daerah Provinsi Bali,Pengembangan Pura Tegal Suci Pagenian Dan Pura Beji Telaga Geni Besakih,Works,9434036988.59,Complete,Pengembangan Pura Tegal Suci Pagenian Dan Pura Beji Telaga Geni Besakih,2023-05-19,6488648092.27,Cv Perama Dewata,53,0.6877912499301941
33,Bali,2023-05-26,Pemerintah Daerah Provinsi Bali,Belanja Asuransi Barang Milik Daerah (Belanja Premi),Services,1461762306.16,Complete,Belanja Asuransi Barang Milik Daerah (Belanja Premi),2023-05-26,1069345903.5,Pt. Asuransi Bangun Askrida,24,0.731545682217744
33,Bali,2023-05-27,Pemerintah Daerah Provinsi Bali,Belanja Sewa Personal Computer (Sewa Layanan Sistem Penerimaan Peserta Didik Baru Sma Dan Smk),Services,807010000.0,Complete,Belanja Sewa Personal Computer (Sewa Layanan Sistem Penerimaan Peserta Didik Baru Sma Dan Smk),2023-05-27,806920000.0,"Pt. Telekomunikasi Indonesia, Tbk.",10,0.999888477218374
33,Bali,2023-06-05,Pemerintah Daerah Provinsi Bali,",Belanja Penyusunan Detail Engineering Design Pada Uptd Laboratorium Dan Pengujian Obat Tradisional",Services,449162404.0,Complete,",Belanja Penyusunan Detail Engineering Design Pada Uptd Laboratorium Dan Pengujian Obat Tradisional",2023-06-05,404106600.0,Cv. Jaya Desain,55,0.8996892803165244
33,Bali,2023-06-08,Pemerintah Daerah Provinsi Bali,Belanja Modal Bangunan Gedung Kantor,Works,646976949.17,Complete,Belanja Modal Bangunan Gedung Kantor,2023-06-08,517581559.2,Cv.Inersia,59,0.7999999997897916
33,Bali,2023-06-09,Pemerintah Daerah Provinsi Bali,Pembangunan Pengaman Sungai Tukad Buhu Kabupaten Karangasem,Works,3059999950.44,Complete,Pembangunan Pengaman Sungai Tukad Buhu Kabupaten Karangasem,2023-06-09,1956500000.0,Cv. Kokak Srigathi,17,0.6393790953227543
33,Bali,2023-06-14,Pemerintah Daerah Provinsi Bali,Pembangunan Gedung Disdikpora,Works,4599885000.0,Complete,Pembangunan Gedung Disdikpora,2023-06-14,3147063400.08,Cv.Ratu Gede,26,0.6841613214417317
33,Bali,2023-06-15,Pemerintah Daerah Provinsi Bali,Pengawasan Pembangunan Spam Burana Titab,Services,349704578.7,Complete,Pengawasan Pembangunan Spam Burana Titab,2023-06-15,303030000.0,Pt Mitra Tri Sakti,37,0.8665314052406486
33,Bali,2023-06-15,Pemerintah Daerah Provinsi Bali,Pengawasan Rehabilitasi Balai Banjar Besakih Kangin Kab. Karangasem,Services,129906885.3,Complete,Pengawasan Rehabilitasi Balai Banjar Besakih Kangin Kab. Karangasem,2023-06-15,127899750.0,Cv. Perencana Utama,37,0.9845494309607622
33,Bali,2023-06-20,Pemerintah Daerah Provinsi Bali,"Pengawasan Penataan Area Parkir Kawasan Kedundung Besakih, Kec. Rendang, Kab. Karangasem",Services,323887133.1,Complete,"Pengawasan Penataan Area Parkir Kawasan Kedundung Besakih, Kec. Rendang, Kab. Karangasem",2023-06-20,323334120.0,Cv. Jaya Desain,40,0.9982925746549208
33,Bali,2023-06-21,Pemerintah Daerah Provinsi Bali,Jasa Konsultansi Pengawasan Unit Sekolah Baru Sman 9 Denpasar,Services,199909934.0,Complete,Jasa Konsultansi Pengawasan Unit Sekolah Baru Sman 9 Denpasar,2023-06-21,198912000.0,Cv. Uditi Plan,41,0.9950080819895624
33,Bali,2023-06-21,Pemerintah Daerah Provinsi Bali,Jasa Konsultansi Pengawasan Unit Sekolah Baru Sman 10 Denpasar,Services,199909934.0,Complete,Jasa Konsultansi Pengawasan Unit Sekolah Baru Sman 10 Denpasar,2023-06-21,199233900.0,Cv. Tataring Bali,41,0.9966183071222464
33,Bali,2023-06-21,Pemerintah Daerah Provinsi Bali,Jasa Konsultansi Pengawasan Unit Sekolah Baru Sman 11 Denpasar,Services,199909934.0,Complete,Jasa Konsultansi Pengawasan Unit Sekolah Baru Sman 11 Denpasar,2023-06-21,197580000.0,Cv. Ganesha Teknika,41,0.9883450814405252
33,Bali,2023-06-21,Pemerintah Daerah Provinsi Bali,Jasa Konsultansi Pengawasan Unit Sekolah Baru Sman 2 Gianyar,Services,199909934.0,Complete,Jasa Konsultansi Pengawasan Unit Sekolah Baru Sman 2 Gianyar,2023-06-21,199589100.0,Cv. Jaya Desain,41,0.9983951072686564
33,Bali,2023-06-21,Pemerintah Daerah Provinsi Bali,Jasa Konsultansi Pengawasan Unit Sekolah Baru Sman 2 Kuta Utara,Services,199909934.0,Complete,Jasa Konsultansi Pengawasan Unit Sekolah Baru Sman 2 Kuta Utara,2023-06-21,197580000.0,Cv. Ganesha Teknika,41,0.9883450814405252
33,Bali,2023-06-21,Pemerintah Daerah Provinsi Bali,Jasa Konsultansi Pengawasan Unit Sekolah Baru Sman 3 Negara,Services,199909934.0,Complete,Jasa Konsultansi Pengawasan Unit Sekolah Baru Sman 3 Negara,2023-06-21,195360000.0,Cv. Uditi Plan,41,0.9772400805254632
33,Bali,2023-06-21,Pemerintah Daerah Provinsi Bali,Jasa Konsultansi Pengawasan Unit Sekolah Baru Sman 12 Denpasar,Services,199909934.0,Complete,Jasa Konsultansi Pengawasan Unit Sekolah Baru Sman 12 Denpasar,2023-06-21,199589100.0,Cv. Jaya Desain,41,0.9983951072686564
33,Bali,2023-06-21,Pemerintah Daerah Provinsi Bali,Jasa Konsultansi Pengawasan Unit Sekolah Baru Sman 1 Abang,Services,199909934.0,Complete,Jasa Konsultansi Pengawasan Unit Sekolah Baru Sman 1 Abang,2023-06-21,197580000.0,Cv. Ganesha Teknika,41,0.9883450814405252
33,Bali,2023-06-21,Pemerintah Daerah Provinsi Bali,Penyusunan Dokumen Studi Kelayakan Jalan Akses Menuju Pelabuhan Sanur Di Kota Denpasar,Services,299880708.0,Complete,Penyusunan Dokumen Studi Kelayakan Jalan Akses Menuju Pelabuhan Sanur Di Kota Denpasar,2023-06-21,245782860.0,Cv. Gumi Artha Karya,40,0.8196021065816611
33,Bali,2023-06-21,Pemerintah Daerah Provinsi Bali,Pengawasan Rehab Gedung Kantor Merdeka Di Denpasar,Services,199064103.3,Complete,Pengawasan Rehab Gedung Kantor Merdeka Di Denpasar,2023-06-21,197331360.0,Cv. Tataring Bali,41,0.9912955511753484
33,Bali,2023-06-21,Pemerintah Daerah Provinsi Bali,Pengawasan Penataan Drainase Di Kawasan Suci Besakih Kabupaten Karangasem,Services,199063503.9,Complete,Pengawasan Penataan Drainase Di Kawasan Suci Besakih Kabupaten Karangasem,2023-06-21,158175000.0,Pt Mitra Tri Sakti,40,0.7945956787712305
33,Bali,2023-06-22,Pemerintah Daerah Provinsi Bali,Pengawasan Pembangunan Pengaman Sungai Tukad Buhu Di Kabupaten Karangasem,Services,199528376.34,Complete,Pengawasan Pembangunan Pengaman Sungai Tukad Buhu Di Kabupaten Karangasem,2023-06-22,181446150.0,Cv. Prema Wangun Jaya,55,0.909375164216304
33,Bali,2023-06-23,Pemerintah Daerah Provinsi Bali,Belanja Jasa Konsultansi Perencanaan Rekayasa-Jasa Desain Rekayasa Untuk Pekerjaan Teknik Sipil Air,Services,235606584.8,Complete,Belanja Jasa Konsultansi Perencanaan Rekayasa-Jasa Desain Rekayasa Untuk Pekerjaan Teknik Sipil Air,2023-06-23,202020000.0,Cv. Permata Konsultan,38,0.857446323800709
33,Bali,2023-06-27,Pemerintah Daerah Provinsi Bali,Perencanaan Pembangunan Rehabilitasi Napza,Services,780616713.0,Complete,Perencanaan Pembangunan Rehabilitasi Napza,2023-06-27,707391900.0,Pt. Kencana Adhi Karma,53,0.9061962013103864
33,Bali,2023-07-03,Pemerintah Daerah Provinsi Bali,Jasa Konsultasi Pengawasan Pembangunan Unit Sekolah Baru (Usb) Smkn 1 Mengwi,Services,223829946.0,Complete,Jasa Konsultasi Pengawasan Pembangunan Unit Sekolah Baru (Usb) Smkn 1 Mengwi,2023-07-03,223555110.0,Cv. Ganesha Teknika,45,0.9987721214032728
33,Bali,2023-07-04,Pemerintah Daerah Provinsi Bali,Jasa Konsultasi Pengawasan Pembangunan Unit Sekolah Baru (Usb) Smkn 6 Denpasar (Lanjutan),Services,199332912.0,Complete,Jasa Konsultasi Pengawasan Pembangunan Unit Sekolah Baru (Usb) Smkn 6 Denpasar (Lanjutan),2023-07-04,198885360.0,Cv. Tataring Bali,46,0.9977547511070324
33,Bali,2023-07-04,Pemerintah Daerah Provinsi Bali,Jasa Konsultasi Pengawasan Pembangunan Unit Sekolah Baru (Usb) Smkn 7 Denpasar,Services,223829946.0,Complete,Jasa Konsultasi Pengawasan Pembangunan Unit Sekolah Baru (Usb) Smkn 7 Denpasar,2023-07-04,223152180.0,Cv. Tataring Bali,46,0.9969719601326268
33,Bali,2023-07-05,Pemerintah Daerah Provinsi Bali,"Pengawasan Pembangunan Dinding Penahan Tanah (Dpt) Di Area Pura Penataran Lempuyang, Kecamatan Abang, Kabupaten Karangasem",Services,299197225.5,Complete,"Pengawasan Pembangunan Dinding Penahan Tanah (Dpt) Di Area Pura Penataran Lempuyang, Kecamatan Abang, Kabupaten Karangasem",2023-07-05,246975000.0,Cv. Ganesha Teknika,47,0.8254588577393075
33,Bali,2023-07-07,Pemerintah Daerah Provinsi Bali,",Pengawasan Pembangunan Wantilan Pura Luhur Pucak Terataibang, Kec. Baturiti, Kab. Tabanan",Services,149919075.3,Complete,",Pengawasan Pembangunan Wantilan Pura Luhur Pucak Terataibang, Kec. Baturiti, Kab. Tabanan",2023-07-07,146853000.0,Cv. Ganesha Teknika,43,0.979548464437467
33,Bali,2023-07-12,Pemerintah Daerah Provinsi Bali,"Pengawasan Pembangunan Monumen Situs Kerajaan Kertalangu, Kec. Denpasar Timur, Kota Denpasar",Services,249424559.1,Complete,"Pengawasan Pembangunan Monumen Situs Kerajaan Kertalangu, Kec. Denpasar Timur, Kota Denpasar",2023-07-12,249084000.0,Cv. Jaya Desain,58,0.9986346208199032
33,Bali,2023-07-25,Pemerintah Daerah Provinsi Bali,Rehabilitasi Balai Banjar Besakih Kangin Kab. Karangasem,Works,1293914811.3,Complete,Rehabilitasi Balai Banjar Besakih Kangin Kab. Karangasem,2023-07-25,1002478455.72,Cv. Arista Cahaya Buana,29,0.7747638770073333
33,Bali,2023-07-27,Pemerintah Daerah Provinsi Bali,Pembangunan Spam Burana Titab,Works,9165999999.71,Complete,Pembangunan Spam Burana Titab,2023-07-27,7069800000.0,Cv. Kuarsa Teknik,42,0.7713070041701593
33,Bali,2023-07-29,Pemerintah Daerah Provinsi Bali,"Pembangunan Monumen Situs Kerajaan Kertalangu, Kec. Denpasar Timur, Kota Denpasar",Works,4963656532.82,Complete,"Pembangunan Monumen Situs Kerajaan Kertalangu, Kec. Denpasar Timur, Kota Denpasar",2023-07-29,4566564010.19,Cv. Pasang Indah,19,0.9199999999991136
33,Bali,2023-07-31,Pemerintah Daerah Provinsi Bali,Survey Kondisi Jalan Pada Ruas Jalan Provinsi,Services,499226274.0,Complete,Survey Kondisi Jalan Pada Ruas Jalan Provinsi,2023-07-31,410601210.0,Pt. Putra Dmitri Desain,52,0.8224751608325807
33,Bali,2023-07-31,Pemerintah Daerah Provinsi Bali,Survey Kondisi Jembatan Pada Ruas Jalan Provinsi,Services,349891536.0,Complete,Survey Kondisi Jembatan Pada Ruas Jalan Provinsi,2023-07-31,280262790.0,Pt. Putra Dmitri Desain,52,0.8009990558902802
33,Bali,2023-07-31,Pemerintah Daerah Provinsi Bali,Pengawasan Penataan Area Bencingah Dan Catus Patha Kawasan Suci Besakih,Services,248896754.1,Complete,Pengawasan Penataan Area Bencingah Dan Catus Patha Kawasan Suci Besakih,2023-07-31,244200000.0,Cv. Uditi Plan,42,0.9811297093166872
33,Bali,2023-08-04,Pemerintah Daerah Provinsi Bali,Pengawasan Pembangunan Gedung Untuk Pmi Bali Center,Services,343002265.5,Complete,Pengawasan Pembangunan Gedung Untuk Pmi Bali Center,2023-08-04,342501600.0,Cv. Jaya Desain,38,0.9985403434602096
33,Bali,2023-08-08,Pemerintah Daerah Provinsi Bali,"Penataan Area Parkir Kawasan Kedundung Besakih, Kec. Rendang, Kab. Karangasem",Works,4900140970.91,Complete,"Penataan Area Parkir Kawasan Kedundung Besakih, Kec. Rendang, Kab. Karangasem",2023-08-08,4066853944.28,Cv. Pasang Indah,27,0.8299463155087045
33,Bali,2023-08-09,Pemerintah Daerah Provinsi Bali,Perencanaan Teknik Jalan Pada Ruas Jalan Provinsi (Tahun Anggaran 2023),Services,549065718.0,Complete,Perencanaan Teknik Jalan Pada Ruas Jalan Provinsi (Tahun Anggaran 2023),2023-08-09,484237500.0,Pt Mitra Tri Sakti,51,0.8819299477735741
33,Bali,2023-08-17,Pemerintah Daerah Provinsi Bali,Belanja Jasa Konsultasi Pengawasan Arsitektur,Services,226436931.96,Complete,Belanja Jasa Konsultasi Pengawasan Arsitektur,2023-08-17,225876120.0,Cv. Jaya Desain,31,0.9975233193845822
33,Bali,2023-08-29,Pemerintah Daerah Provinsi Bali,"Pembangunan Dinding Penahan Tanah (Dpt) Di Area Pura Penataran Lempuyang, Kecamatan Abang, Kabupaten Karangasem",Works,7406253363.16,Complete,"Pembangunan Dinding Penahan Tanah (Dpt) Di Area Pura Penataran Lempuyang, Kecamatan Abang, Kabupaten Karangasem",2023-08-29,5751590709.45,Cv. Arista Cahaya Buana,29,0.7765857347062171
33,Bali,2023-08-31,Pemerintah Daerah Provinsi Bali,Pembangunan Gedung Untuk Pmi Bali Center,Works,5499971297.65,Complete,Pembangunan Gedung Untuk Pmi Bali Center,2023-08-31,4354781707.53,Cv. Surya Dewata,21,0.7917826242821829
33,Bali,2023-09-13,Pemerintah Daerah Provinsi Bali,Survey Lalu Lintas Pada Ruas Jalan Provinsi,Services,398367478.2,Complete,Survey Lalu Lintas Pada Ruas Jalan Provinsi,2023-09-13,347295690.0,Pt. Bikarma,55,0.8717972952240859
33,Bali,2023-09-14,Pemerintah Daerah Provinsi Bali,Belanja Konstruksi Dalam Pengerjaan Bangunan Fasilitas Umum,Services,117781554000.0,Complete,Belanja Konstruksi Dalam Pengerjaan Bangunan Fasilitas Umum,2023-09-14,115084356000.0,Pt. Hutama Karya (Persero),50,0.9770999964901126
33,Bali,2023-09-26,Pemerintah Daerah Provinsi Bali,Pembangunan Wantilan Dan Penataan Areal Tempat Melasti Di Pantai Padang Galak Desa Kesiman Denpasar (Lanjutan),Works,699991714.18,Complete,Pembangunan Wantilan Dan Penataan Areal Tempat Melasti Di Pantai Padang Galak Desa Kesiman Denpasar (Lanjutan),2023-09-26,559993371.34,Cv. As Jaya,22,0.7999999999942857
33,Bali,2023-09-28,Pemerintah Daerah Provinsi Bali,Penataan Area Bencingah Dan Catus Patha Kawasan Suci Besakih,Works,4418137440.98,Complete,Penataan Area Bencingah Dan Catus Patha Kawasan Suci Besakih,2023-09-28,3885000000.0,Cv Mahantara,22,0.8793298198388
33,Bali,2023-10-10,Pemerintah Daerah Provinsi Bali,Penyusunan Dokumen Studi Kelayakan Jalan Alternatif Menuju Kawasan Suci Pura Besakih,Services,399891930.0,Complete,Penyusunan Dokumen Studi Kelayakan Jalan Alternatif Menuju Kawasan Suci Pura Besakih,2023-10-10,355893750.0,Cv. Gumi Artha Karya,48,0.8899748239480602
